Kategori;Parça No (Part No);Model;Ürün Açıklaması (Description);Liste Fiyatı (GBP)
BACKEYE360 Select - Complete Systems;6550;SE-7104HF-100;Backeye®360 AHD BN360 Kit, 10.4 Inch Monitor - Large Rigids;2488.51
BACKEYE360 Select - Complete Systems;7297;SE-7104HR-300;Backeye®360 AHD Recordable Camera Monitor System - Large Rigids;2788.68
BACKEYE360 Select - Complete Systems;5379;SE-770-100;Backeye®360 BN360 Kit, 7 Inch Monitor - Large Rigids;1819.23
BACKEYE360 Select - Complete Systems;5592;SE-770-101;Backeye®360 BN360 Kit, 7 Inch Monitor, 4 x 10m cables;1819.23
BACKEYE360 Select - Complete Systems;5382;SE-770-110;Backeye®360 BN-360 Kit, 7 Inch Monitor - Large Rigids;1815.58
BACKEYE360 Select - Complete Systems;5381;SE-770-111;Backeye®360 BN-360 Kit, 7 Inch Monitor - Large Rigids;1842.35
BACKEYE360 Select - Complete Systems;7296;SE-770HR-300;Backeye®360 AHD Recordable Camera Monitor System for Large Rigid Vehicles;2235.47
BACKEYE360 Select - Complete Systems;8142;SE-770HR-310;Backeye®360 AHD Recordable Camera Monitor System for Large Rigid Vehicles;2092.24
Backeye360 - Optional Parts;5200;BN360-200;Backeye®360 BN360-200, ECU + 4 x BN360-100C Cameras & Housings;1375.07
Backeye360 - Optional Parts;5408;BN360-201;Backeye®360 BN360-200 ECU + 4 x BN360-100C Cameras & Housing + Carling Switch & Black Ancillaries;1526.13
Backeye360 - Optional Parts;5800A;BN360-300;Backeye®360 BN360-300 HD, ECU + 4 x HD Cameras;1526.13
Backeye360 - Optional Parts;6354;BN360-201(EX-CBL);Backeye®360 BN360-200 kit with Carling Switch & Black Ancillaries (Carling Harness Removed);1407.44
Backeye360 - Optional Parts;5098;BN360-CP-CBL;Backeye®360 BN360 Carling Switch Harness;118.69
Backeye360 - Optional Parts;4649A;BN360-100C-BKT01;Backeye®360 BN360 Adaptable Camera Mount Bracket;6.21
Backeye360 - Optional Parts;4714A;BN360-100C-BKT02;Backeye®360 BN360 Adjustable Camera Mount Bracket;39.86
Backeye360 - Optional Parts;6363;BN360-100C-BKT02-B;Backeye®360 BN360 Adjustable Camera Mount Bracket (Black);47.36
Backeye360 - Optional Parts;4743A;BN360-100C-BKT03;Backeye®360 BN360 Camera Deflector Shield;15.29
Backeye360 - Optional Parts;5645;BN360-100C-SC-GF;Backeye®360 BN360 Single Camera Gasket Fitting Kit;9.21
Backeye360 - Optional Parts;4701;BE360-CD;Backeye®360 BN360 & ASL360 Camera Deflector Bracket for BN360-200;14.17
Backeye360 - Optional Parts;4723;BE360-Enclosure;Backeye®360 IP66 Enclosure Kit;175.69
Backeye360 - Optional Parts;4493;BN360-L120;Backeye®360 BN360 Camera Cable - 20m;70.84
Backeye360 - Optional Parts;4495;BN360-L115;Backeye®360 BN360 Camera Cable - 15m;56.67
Backeye360 - Optional Parts;4496;BN360-L110;Backeye®360 BN360 Camera Cable - 10m;42.51
Backeye360 - Optional Parts;4498;BN360-L105;Backeye®360 BN360 Camera Cable - 5m;28.34
Backeye360 - Optional Parts;5845;BN360-L103;Backeye®360 BN360 Camera Cable - 3m;24.14
Backeye360 - Optional Parts;4499;BN360-L1025;Backeye®360 BN360 Camera Cable - 2.5m;19.84
Backeye360 - Optional Parts;4698;BN360-VBV-L4015;Backeye®360 BN360 Video Out Cable for BN360-200, BN360-300;12.04
Backeye360 - Optional Parts;5809;BN360-H320;Backeye®360 BN360-300 HD Camera Cable - 20m;79.15
Backeye360 - Optional Parts;5810;BN360-H315;Backeye®360 BN360-300 HD Camera Cable - 15m;63.09
Backeye360 - Optional Parts;5811;BN360-H310;Backeye®360 BN360-300 HD Camera Cable - 10m;47.98
Backeye360 - Optional Parts;5812;BN360-H305;Backeye®360 BN360-300 HD Camera Cable - 5m;31.60
Backeye360 - Optional Parts;5813;BN360-H3025;Backeye®360 BN360-300 HD Camera Cable - 2.5m;22.67
Backeye360 - Optional Parts;A2150;AC-016;CMS Adapter Cable, AV to Elite Camera Input (AV to Male 4-Pin DIN);14.17
Backeye360 - Optional Parts;4340;AC-054;CMS Adapter Cable, BNC B to Phono A + 2.5m Extension Cable;6.97
Backeye360 - Optional Parts;4948;AC-064;CMS Adapter Cable, BE Camera to BNC Adapter Cable;10.29
Backeye360 - Optional Parts;7524;VBV-360-1000-AI;Backeye®360 VBV-360-1000-AI Camera;2661.95
Backeye360 - Optional Parts;8123;VBV-360-1000-AI-NC;Backeye®360 VBV-360-1000-AI Camera no Extension Cables;2448.99
Backeye360 - Optional Parts;S7525;VBV-360-1000-ECU-AI;Backeye®360 Spare VBV-360-1000 AI ECU;620.80
Backeye360 - Optional Parts;S7526;VBV-2240-AI-D04;Backeye®360 Spare AI-FHD Camera;435.75
Backeye360 - Optional Parts;S7529;VBV-360-AI-RC;Backeye®360 VBV-360-1000-AI Remote Control;8.98
Backeye360 - Optional Parts;7626;VBV-360-CALMAT-PRE;Backeye®360 VBV-360-1000-ai Calibration Mat, Premium x 4;265.65
Backeye360 - Optional Parts;7627;VBV-360-CALMAT-STD;Backeye®360 VBV-360-1000-ai Calibration Mat, Standard x 4;52.60
Backeye360 - Optional Parts;8036;VBV-360-1000ECU-VI;Backeye®360 Video Input Harness - 4 Pin;34.90
Backeye360 - Optional Parts;8037;VBV-22X0C-CA(No Alm);VBV-22X0C-CA (No Alarm);11.30
Backeye360 - Optional Parts;8041;AI-360MDR-4PIN-KIT;Backeye®AI-360 MDR 4 Pin Kit;80.10
Backeye360 - Optional Parts;S7590;VBV-360-1000-IR;Backeye®360 IR Receiver;8.58
Backeye360 - Optional Parts;S7591;VBV-360-1000-ECU_PH;Backeye®360 Power Harness;5.50
Backeye360 - Optional Parts;S7592;VBV-360-1000-ECU-VI;Backeye®360 Video Input Harness;61.05
Backeye360 - Optional Parts;S7593;VBV-360-1000-ECU-VO;Backeye®360 Video Output Harness;41.56
Backeye360 - Optional Parts;S7594;VBV-360-1000-ECU-VOC;Backeye®360 Video Output Cable;27.45
Backeye360 - Optional Parts;S7653;VBV-222XC-AI-DVS-RM;Rubber Mounting Mat for VBV-2220C-AI-DVS & VBV-2240C-AI-D04;9.60
Calibration tools;5405;BN360-CK-02;Backeye®360 BN360-200 Calibration Kit;467.57
Calibration tools;4557;BN360-CAL-MAT;Backeye®360 BN360-200, BN360-300 Calibration Mat;14.17
Calibration tools;4443;SLP1;Backeye®360 Laser Level;77.93
Calibration tools;5210B;BN360-200-USB;Backeye®360 BN360-200 Installation Software USB;0.00
Calibration tools;4520;BN360-CT-01;Backeye®360 BN360-200, BN360-300-ECU-10 Calibration & Service Tool;410.89
Camera Monitor Systems (CMS);A3231;BE-870L-000;CMS Elite, 7 Inch LCD, Single Camera - Large Rigids (PAL);783.93
Camera Monitor Systems (CMS);2928B;BE-870L-010;CMS Elite, 7 Inch LCD, Single Camera - with KET Connector;846.83
Camera Monitor Systems (CMS);A3131;BE-870L-000N;CMS Elite, 7 Inch LCD, Single Camera - Large Rigids (NTSC);783.93
Camera Monitor Systems (CMS);4397;BE-870L-090;CMS Elite, 7 Inch LCD, Single IP69K Camera - Large Rigid (PAL);837.23
Camera Monitor Systems (CMS);4032A;BE-870L-100;CMS Elite, 7 Inch LCD, Single Shutter Camera - Large Rigids (PAL);941.89
Camera Monitor Systems (CMS);4012;BE-856G-000;CMS Elite, 5.6 Inch LCD, Single Camera - Large Rigids (PAL);935.54
Camera Monitor Systems (CMS);4781B;VBV-770-310;CMS Select, 7 Inch LCD, Flush-Mount Camera - Small Rigids (PAL);517.16
Camera Monitor Systems (CMS);4694C;VBV-770-010N;CMS Select, 7 Inch LCD, Single Camera - Small Rigids (NTSC);460.49
Camera Monitor Systems (CMS);4777B;VBV-770-300;CMS Select, 7 Inch LCD, Flush-Mount Camera - Large Rigids (PAL);531.33
Camera Monitor Systems (CMS);7217;VBV-770-910;CMS Select, 7 Inch LCD, Select Camera (PAL);574.18
Camera Monitor Systems (CMS);4692C;VBV-770-000;CMS Select, 7 Inch LCD, Single Camera - Large Rigids (PAL) CMOS;467.57
Camera Monitor Systems (CMS);4693C;VBV-770-000N;CMS Select, 7 Inch LCD, Single Camera - Large Rigids (NTSC);467.57
Camera Monitor Systems (CMS);4695C;VBV-770-100;CMS Select, 7 Inch LCD, Single Shutter Camera - Large Rigids (PAL);509.53
Camera Monitor Systems (CMS);4770A;VBV-770-100N;CMS Select, 7 Inch LCD, Single Shutter Camera - Large Rigids (NTSC);509.53
Camera Monitor Systems (CMS);4843B;VBV-770-001DW;CMS Select, 7 Inch LCD, Single Camera & Wireless Kit - Articulated Trucks (PAL);709.41
Camera Monitor Systems (CMS);4767B;VBV-770-001;CMS Select, 7 Inch LCD, Single Camera - Articulated Trucks (PAL);637.59
Camera Monitor Systems (CMS);4772A;VBV-770-101;CMS Select, 7 Inch LCD, Single Shutter Camera - Articulated Trucks (PAL);623.97
Camera Monitor Systems (CMS);7246;VBV-770H-100;CMS Select, Single AHD Camera Monitor System for Rigid Vehicles;605.44
Camera Monitor Systems (CMS);6111;VBV-770H-7000;CMS Select, Single AHD Camera Monitor System for Rigid Vehicles;533.51
Camera Monitor Systems (CMS);6123;VBV-770H-7001;CMS Select, Single AHD Camera Monitor System for Rigid Vehicles;564.19
Camera Monitor Systems (CMS);8144;VBV-770H-7100;CMS Select, Single 1080p AHD Camera Monitor System for Rigid Vehicles 25fps;592.18
Camera Monitor Systems (CMS);7674;VBV-770H-7101;CMS Select, 1080p Single AHD Camera Monitor System for Rigid Vehicles 30fps;592.18
Camera Monitor Systems (CMS);6112;VBV-770H-3000;CMS Select, Single AHD Camera Flush Mount Monitor System for Rigid Vehicles;564.19
Camera Monitor Systems (CMS);6124;VBV-770H-3001;CMS Select, Single AHD Camera Flush Mount Monitor System for Rigid Vehicles;564.19
Camera Monitor Systems (CMS);6113;VBV-770H-3100;CMS Select, Single AHD Camera Flush Mount Monitor System for Vans;557.38
Camera Monitor Systems (CMS);6125;VBV-770H-3101;CMS Select, Single AHD Camera Flush Mount Monitor System for Vans;557.38
Camera Monitor Systems (CMS);4780A;VBV-750-310;CMS Select, 5 Inch LCD, Flush-Mount Camera - Small Rigids (PAL);474.65
Camera Monitor Systems (CMS);4776A;VBV-750-300;CMS Select, 5 Inch LCD, Flush-Mount Camera - Large Rigids (PAL);488.82
Camera Monitor Systems (CMS);4705C;VBV-750-000;CMS Select, 5 Inch LCD, Single Camera - Large Rigids (PAL) CMOS;445.31
Camera Monitor Systems (CMS);5774;VBV-670-000;CMS Essential, 7 Inch LCD, Single Camera (PAL);268.32
Camera Monitor Systems (CMS);5816;VBV-671-000;CMS Essential, 7 Inch LCD, Single Camera (NTSC);268.32
Camera Monitor Systems (CMS);4765C;VBV-650-000;CMS Essential, 5 Inch LCD, Single Camera - Large Rigids (PAL);283.37
Camera Monitor Systems (CMS);4765D;VBV-650-000;CMS Essential, 5 Inch LCD, Single Camera - Large Rigids (PAL) CMOS;283.37
Camera Monitor Systems (CMS);4766C;VBV-650-000N;CMS Essential, 5 Inch LCD, Single Camera - Large Rigids (NTSC);283.37
Camera Monitor Systems (CMS);4766D;VBV-650-000N;CMS Essential, 5 Inch LCD, Single Camera - Large Rigids (NTSC) CMOS;283.37
Camera Monitor Systems (CMS);6638;FX-7-01;FX Sense & Vision Reversing Safety Kit, 7 nch Monitor;1797.34
Camera Monitor Systems (CMS);6639;FX-9-01;FX Sense & Vision Reversing Safety Kit, 9 Inch Monitor;1980.45
Camera Monitor Systems (CMS);6640;FX-10.4-01;FX Sense & Vision Reversing Safety Kit, 10.4 Inch Monitor;2065.94
Camera Monitor Systems (CMS);7251;FX-7-01-AHD;FX 3 Camera AHD System with 7 Inch Monitor for Fedex;1802.41
Camera Monitor Systems (CMS);7250;FX-10.4-01-AHD;FX 3 Camera AHD System with 10.4 Inch Monitor for Fedex;2163.55
Camera Monitor Systems (CMS);7680;VBV-770-3100;CMS Select Kit 3100c, 770HM, 10m Cable;588.84
Camera Monitor Systems (CMS);7681;VBV-770-3200;CMS Select Kit 3100c, 770HM, 20m Cable;595.66
Camera Monitor Systems (CMS);7595;VBV-6172-000;AHD 1080p Camera Kit, 7 Inch Monitor, 20m Cable (PAL & NTSC);275.50
Cameras;2871E;BE-890C;Elite Camera, WDR, Waterproof to IP69K - No Audio (PAL);313.99
Cameras;5426A;BE-891C;Elite Camera, WDR, Waterproof to IP69K - No Audio (NTSC);313.99
Cameras;4924B;BE-850C;Elite Camera, 12/24Vdc - Waterproof to IP69K (PAL) CMOS;319.51
Cameras;1623E;BE-800C;Elite Camera, WDR, Heated & Audio (PAL);295.52
Cameras;6408;BE-8100C;Elite Camera, WDR, Heated , Audio, AHD 1080p 25fps (PAL);367.46
Cameras;1905D;BE-801C;Elite Camera, WDR Heated & Audio (NTSC);295.52
Cameras;6410;BE-8101C;Elite Camera, WDR Heated, Audio, AHD 1080p 30fps (NTSC);367.46
Cameras;1559D;BE-800C(40);Elite Camera, WDR, Heated & Audio - Narrow View 40° (PAL);297.89
Cameras;2085C;BE-801C(40);Elite Camera, WDR, Heated & Audio - Narrow View 40° (NTSC);297.89
Cameras;1426D;BE-800C(78);Elite Camera WDR, Heated & Audio - Narrow View 78° (PAL);297.89
Cameras;4247C;BE-800C-NIR;Elite Camera, Heated & Audio, No IR LEDS (PAL);302.91
Cameras;2084C;BE-801C(78);Elite Camera, WDR, Heated & Audio - Narrow View 78° (NTSC);297.89
Cameras;1242E;BE-810C;Elite Camera, Heated Shutter & Audio (PAL) CMOS;418.66
Cameras;2914D;BE-811C;Elite Camera, Heated Shutter & Audio (NTSC);418.66
Cameras;5735;MD-50;Select Camera, Mini Dome Camera (PAL);183.46
Cameras;5736;MD-51;Select Camera, Mini Dome Camera (NTSC);183.46
Cameras;5737;MD-60;Select Camera, Mini Dome Camera - 720p / 25fps (AHD);183.46
Cameras;5738;MD-61;Select Camera, Mini Dome Camera - 720p / 30fps (AHD);183.46
Cameras;5717;DMC-1025;Select Camera, Mini Camera (Internal Use) (PAL);145.24
Cameras;5715;DMC-1021;Select Camera, Mini Camera (Internal Use) (NTSC);145.24
Cameras;5721;DMC-1035;Select Camera, Mini Camera (Internal Use) 720p / 25fps (AHD);145.24
Cameras;5719;DMC-1031;Select Camera, Mini Camera (Internal Use) 720p / 30fps (AHD);145.24
Cameras;5692;MD-50(W);Select Camera, Mini Dome Camera, Wide (PAL);175.13
Cameras;5694;MD-51(W);Select Camera, Mini Dome Camera, Wide (NTSC);175.13
Cameras;5696;MD-60(W);Select Camera, Mini Dome Camera - 720p / 25fps, Wide Angle (AHD);175.13
Cameras;5698;MD-61(W);Select Camera, Mini Dome Camera - 720p / 30fps, Wide Angle (AHD);175.13
Cameras;5683;MD-50(SW);Select Camera, Mini Dome Camera, Super Wide (PAL);186.45
Cameras;5686;MD-51(SW);Select Camera, Mini Dome Camera, Super Wide (NTSC);186.45
Cameras;5688;MD-60(SW);Select Camera, Mini Dome Camera - 720p / 25fps, Super Wide Angle (AHD);186.45
Cameras;5690;MD-61(SW);Select Camera, Mini Dome Camera - 720p / 30fps, Super Wide Angle (AHD);186.45
Cameras;1379E;VBV-700C;Select Camera, Audio (PAL) CMOS;148.54
Cameras;5464;VBV-7000C;Select Camera, Audio, HD 720p 25fps;166.75
Cameras;5466;VBV-7100C;Select Camera, Audio, HD 1080p 25fps;194.74
Cameras;5466A;VBV-7100C;Select Camera, Audio, HD 1080p 25fps;194.74
Cameras;2575D;VBV-701C;Select Camera, Audio (NTSC) CMOS;148.54
Cameras;5465;VBV-7001C;Select Camera, Audio, HD 720p 30fps;166.75
Cameras;5467;VBV-7101C;Select Camera, Audio, HD 1080p 30fps;194.74
Cameras;5467A;VBV-7101C;Select Camera, Audio, HD 1080p 30fps;194.74
Cameras;2724D;VBV-790C;Select Camera, Waterproof to IP69K - No Audio (PAL) CMOS;165.05
Cameras;5468;VBV-7090C;Select Camera, Waterproof to IP69K - No Audio HD 720p 25fps;166.75
Cameras;5470;VBV-7190C;Select Camera, Waterproof, No Audio, HD 1080p 25fps;194.74
Cameras;2842D;VBV-791C;Select Camera, Waterproof to IP69K - No Audio (NTSC);165.05
Cameras;5469;VBV-7091C;Select Camera, Waterproof to IP69K - No Audio HD 720p 30fps;166.75
Cameras;5471;VBV-7191C;Select Camera, Waterproof, NoAudio, HD 1080p 30fps;194.74
Cameras;2808C;VBV-710C;Select Camera, Heated Shutter & Audio (PAL);185.83
Cameras;8034;VBV-7110C;Select Camera, AHD Heated Shutter & Audio (PAL);235.50
Cameras;2841C;VBV-711C;Select Camera, Heated Shutter & Audio (NTSC);185.83
Cameras;8039;VBV-7111C;Select Camera, AHD Heated Shutter & Audio (NTSC);235.50
Cameras;2199C;VBV-485C;Select Camera, Cylinder Camera (PAL);170.50
Cameras;2843C;VBV-481C;Select Camera, Cylinder Camera (NTSC);165.05
Cameras;5211A;VBV-300C;Select Camera, Compact F/mount Eyeball (Mirror) (PAL) CMOS;188.44
Cameras;5213;VBV-301C;Select Camera, Compact Flush-mount Eyeball Camera (Mirror Image) (NTSC) CCD;188.44
Cameras;5213A;VBV-301C;Select Camera, Compact F/mount Eyeball Camera (Mirror) (NTSC) CMOS;188.44
Cameras;5215A;VBV-320C;Select Camera, Compact F/mount Eyeball Camera (Normal Image) (PAL) CMOS;188.44
Cameras;5217A;VBV-321C;Select Camera, Compact F/mount Eyeball Camera (Normal Image) (NTSC) CMOS;188.44
Cameras;5783;VBV-300C(CO-DIS);Select Camera, Kit with Conduit and Disassembled;210.96
Cameras;5454;VBV-3000C;Select Camera, Compact Flush-mount Eyeball Camera AHD (Mirror Image) 25fps;166.75
Cameras;5455;VBV-3001C;Select Camera, Compact Flush-mount Eyeball Camera AHD (Mirror Image) 30fps;174.69
Cameras;5456;VBV-3020C;Select Camera, Compact Flush-mount Eyeball Camera AHD (Normal Image) 25fps;166.75
Cameras;5457;VBV-3021C;Select Camera, Compact Flush-mount Eyeball Camera AHD (Normal Image) 30fps;174.69
Cameras;7146;VBV-3121C;Select Camera, Compact Flush-mount Eyeball Camera HD (Normal Image) 1080p 30fps;198.22
Cameras;7145;VBV-3120C;Select Camera, Compact Flush-mount Eyeball Camera HD (Normal Image) 1080p 25fps;198.22
Cameras;7144;VBV-3101C;Select Camera, Compact Flush-mount Eyeball Camera HD (Mirror Image) 1080p 30fps;198.22
Cameras;7143;VBV-3100C;Select Camera, Compact Flush-mount Eyeball Camera HD (Mirror Image) 1080p 25fps;198.22
Cameras;4395A;VBV-070C;Select Camera, Van Camera Kit (Mirror Image) (PAL);191.82
Cameras;3683B;VBV-620C;Essential Camera, IP67,  White Boxed (PAL);89.75
Cameras;3683C;VBV-620C;Essential Camera, IP67,  White Boxed (PAL) CMOS;89.76
Cameras;3684B;VBV-621C;Essential Camera, IP67,  White Boxed (NTSC);89.75
Cameras;3684C;VBV-621C;Essential Camera, IP67,  White Boxed (NTSC) CMOS;89.75
Cameras;5493A;VBV-790C(CO);VBV-790C Camera with Conduit;199.07
Cameras;6315;VBV-790C(OG);Select Camera, Waterproof to IP69K - No Audio (PAL);162.49
Cameras;S5772;VBV-630C;Essential Camera, IP67,  White Boxed (PAL);123.51
Cameras;S5817;VBV-631C;Essential Camera, IP67,  White Boxed (NTSC);123.51
Cameras;S7596;VBV-6132C;1080P AHD Camera PAL/NTSC (MCY);85.28
Cameras;8078;VBV-6132C-C;1080P AHD Camera PAL/NTSC (MCY) Camera Only;85.28
Cameras;7321;VBV-2220C-AI-D04;AI-Pedestrian Detection (1080p) Forward Facing Camera;502.39
Cameras;7396;VBV-2230C-AI-D04;AI-Pedestrian Detection (1080p) Rear Facing Camera;520.66
Cameras;334-0050-00;PF-30N-500;PathFindIR II Camera - Automatic Detection - 30Hz;5818.61
Cameras;334-0052-00;PF-30N-520;PathFindIR II Camera - 30Hz;4721.34
Cameras;334-0054-00;PF-075N-540;PathFindIR II Camera - Automatic Detection - 7.5Hz;5818.61
Cameras;334-0056-00;PF-075N-560;PathFindIR II Camera - 7.5Hz;4721.34
Camera Optional Extras;4596;SM-3XX-25;CMS Option, BE-300 - Surface Mounting Spacer (25mm Deep);10.68
Camera Optional Extras;5003;MD-50SM-30;MD-5X - Surface Mounting Adapter (30mm Deep);11.68
Camera Optional Extras;5005;MD-50AM-25;MD-5X - Surface Mounting Adapter (25° Angled);15.96
Camera Optional Extras;5004;MD-50AM-15;MD-5X - Surface Mounting Adapter (15° Angled);12.48
Camera Optional Extras;4125;BKT-019;CMS Option, Bracket 'Junction Assist' Housing for BE-800C;188.49
Camera Optional Extras;4126;BKT-019MP;CMS Option, Bracket Mounting Plate for BKT-017;69.87
Camera Optional Extras;4125;BKT-019;CMS Option, Bracket 'Junction Assist' Housing for BE-800C;188.49
Camera Optional Extras;4126;BKT-019MP;CMS Option, Bracket Mounting Plate for BKT-017;69.87
Camera Optional Extras;4962;PFM-001;CMS Option, PathfindIR II Mounting Bracket;77.93
Camera Optional Extras;261-2270-00;261-2270-00;PathfindIR II Mounting Bracket, ECU;77.93
Camera Optional Extras;4963;AC-065;CMS Adapter Cable, PathfindIR Camera Cable to RCA Input  (BNC to RCA);7.08
Camera Optional Extras;4563;RCA;RCA Extension Cable;4.33
Camera Optional Extras;A2704;AC-021;CMS Adapter Cable, PathfindIR Camera to Elite Cable;18.33
Camera Optional Extras;5782;VBV-3XXC-FIX M2.5x10mm;Camera Housing Fixings;1.86
Camera Optional Extras;3044B;SS-002;CMS Option, Select Twin Camera Screen Splitter - Shutter Enabled (12-24v);229.98
Camera Optional Extras;7178;SS-H002;CMS Option, AHD Twin Camera Screen Splitter - Shutter Enabled (12-24v);229.98
Monitors;3560;BE-970WFM;Elite Monitor, 7 Inch LCD, 4 Inputs, Audio, IP69K;992.09
Monitors;A3351;BE-970WM;Elite Monitor, 7 Inch LCD, 2 Inputs, Audio, IP69K;789.16
Monitors;2146B;BE-870FM;Elite Monitor, 7 Inch LCD, 4 Inputs, Audio;912.48
Monitors;2626B;BE-870FM(FB);Elite Monitor, 7 Inch LCD, 4 Inputs, Audio with Frame Bracket;744.51
Monitors;2705B;BE-870LM;Elite Monitor, 7 Inch LCD, 2 Inputs, Audio;475.02
Monitors;6380;BE-870HM;Elite Monitor, 7 Inch AHD, 2 Inputs, Audio;561.77
Monitors;3756;BE-856GM;Elite Monitor, 5.6 Inch LCD, 2 Inputs, Audio;605.64
Monitors;;VBV-900HM;Select 9 Inch HD Monitor from Stonkam;659.39
Monitors;6057;VBV-7104HFM;Select Monitor, 10.4 Inch AHD, 4 Inputs, Audio;933.76
Monitors;6057A;VBV-7104HFM;Select Monitor, 10.4 Inch AHD, 4 Inputs, Audio;933.76
Monitors;4288A;VBV-770M;Select Monitor, 7 Inch LCD, 3 Inputs, Audio;371.57
Monitors;4982A;VBV-770FM;Select Monitor, 7 Inch LCD, 4 Inputs, Audio;639.22
Monitors;7204;VBV-770HFM;Select Monitor, 7 Inch AHD, 4 Inputs, Audio;718.19
Monitors;7659;VBV-770HFM-HP;Select Monitor, 7 Inch AHD Quad Monitor, High Performance;818.30
Monitors;7629;VBV-770HFM(2DC);Select Monitor, 7 Inch AHD with Deutsch Connectors on Cable Adaptor;794.07
Monitors;6384;VBV-770M(EX-BKT|);Select Monitor, 7 Inch LCD, 3 Inputs, Audio Without Fan Bracket;350.48
Monitors;5949;VBV-770M(DC);VBV-770M with DTM Connector added to CA;475.30
Monitors;5611;VBV-770HM;Select Monitor, 7 Inch LCD High Resolution, AHD Compatible, 3 Inputs, Audio;374.19
Monitors;5611A;VBV-770HM;Select Monitor, 7 Inch LCD High Resolution, AHD Compatible, 3 Inputs, Audio;374.19
Monitors;6212;VBV-770HM(TA);Select Monitor, 7 Inch AHD, 3 Inputs, Audio (Turn Assist);368.64
Monitors;6212A;VBV-770HM(TA);Select Monitor, 7 Inch AHD, 3 Inputs, Audio (Turn Assist);384.22
Monitors;4287A;VBV-750M;Select Monitor, 5 Inch LCD, 3 Inputs, Audio;329.25
Monitors;4289A;VBV-650M;CMS Essential, 5 Inch LCD, Single Camera - Small Rigids (PAL) - White Box;269.26
Monitors;5323;VBV-243M;Select Monitor, 4.3 Inch LCD Mirror Monitor, 2 Input;292.50
Monitors;S7598;VBV-6170M;Select Monitor, 7 Inch;180.30
Monitors;8079;VBV-6170M-M;Select Monitor, 7 Inch Monior Only;180.30
Monitors - Optional Extras;A1906;BMM-011;Monitor Option, Heavy Duty Mount for BE-856EM;25.76
Monitors - Optional Extras;A2161;BMM-013;Monitor Option, Elite Fan Mount Bracket for BE-870EM/FM;40.98
Monitors - Optional Extras;S3148A;BMM-015;Monitor Option, Short Arm Bracket for VBV-750BM/VBV-770BM;15.95
Monitors - Optional Extras;3199;BMM-018;Monitor Option, U Bracket for VBV-770DM;7.30
Monitors - Optional Extras;S3209;BMM-019;Monitor Option, Short Arm Bracket for VBV-750BM/VBV-770BM;16.60
Monitors - Optional Extras;S3348;BMM-019-ARM;Monitor Option, Monitor Mount, Long Arm for BMM-015;6.38
Monitors - Optional Extras;4322;BMM-015-PAD;Monitor Option, Adhesive Pad for BMM-015;2.19
Monitors - Optional Extras;3145;BMM-022;Monitor Option, Select Monitor Bracket;40.98
Monitors - Optional Extras;4465;BMM-023;Monitor Option, U Bracket for VBV-7104M;14.66
Monitors - Optional Extras;4947;BMM-024;Monitor Option, Flushmount Bracket for VBV-770M;27.92
Monitors - Optional Extras;4994;BMM-025;Monitor Option, U Bracket for VBV-750EM;5.23
Monitors - Optional Extras;7549;BMM-026;RAVO Housing Bracket;45.56
Monitors - Optional Extras;2891;BE-JB800E;Monitor Spare Part, BE-8XXXM-PC Power Cable & BE-8XXXM - CA Cable Adapter combined;121.52
Monitors - Optional Extras;5814;RAM-B-408-75-1-BRG1;RAM Arm Assembly for VBV Monitor;95.91
Monitors - Optional Extras;6358;RAM-B-408-75-1-BRG3;CMS Option,RAM Mount Arm, Clamp and 1 Inch Ball;95.91
Monitors - Optional Extras;6119;VBV-770M(DIN);VBV-770M with DIN 9680 Connector added to Cable Adaptor;458.30
Monitors - Optional Extras;3283;VBV-7X0DM RC;Monitor Option, Remote Control for VBV-700;6.22
Monitors - Optional Extras;S2890;BE-RC800;Monitor Option, Remote Control for BE-800 Series;23.32
Monitors - Optional Extras;3184;VBV-7X0DM RT;Monitor Option, Flushmount Release Tool for BMM-016 & BMM-017;0.80
Monitors - Optional Extras;5367;BKT-020;CMS Option, Bracket Mounting for VBV-243M;13.94
Monitors - Optional Extras;5733;VBV-7X0M-CH(AMP);Monitor Option, VBV-770M  Cable Harness;71.11
Monitors - Optional Extras;6240;BKT-VBV-BZ;UDS Buzzer Bracker for Select Monitors;17.71
Brigade Lite Product Range;7151;BL-2120C;Brigade Lite, Forward Facing 720p Camera, AHD;96.11
Brigade Lite Product Range;7152;BL-2130C;Brigade Lite, Rear Number Plate Camera, 720p AHD;133.40
Brigade Lite Product Range;7150;BL-240D-256-SD;Brigade Lite, 4 Channel MDR with 256GB SD Car, GPS, 4G, G-Sensor;570.90
Brigade Lite Product Range;7153;BL-270HM;Brigade Lite, Mirror Monitor 7 Inch, ADH, 2 Inputs, 2 Audio;157.57
Brigade Lite Product Range;7298;BL-270HM-015;Brigade Lite,Mirror Monitor Kit  with BMM-015;180.11
Digital Wireless Connection;7088;DW-2000TX;AHD Digital Wireless Transmitter (PAL);155.18
Digital Wireless Connection;7089;DW-2000RX;AHD Digital Wireless Receiver (PAL);161.41
Digital Wireless Connection;4043;DW-1000TX;Wireless Camera Connection System - Transmitter;127.52
Digital Wireless Connection;4044;DW-1000RX;Wireless Camera Connection System - Receiver;106.27
Digital Wireless Connection;4282;DW-1001TX;Wireless Camera Connection System - Transmitter (FCC Approved);127.52
Digital Wireless Connection;4283;DW-1001RX;Wireless Camera Connection System - Receiver (FCC Approved);106.27
Retractable Cables Kits;A1830;SK-31E;Coiled Cable Kit, Elite, Unique Pin Layout;214.90
Retractable Cables Kits;G1886;SK-31E-T;Coiled Cable Kit, Elite, Trailer Only Section of SK-31E & SK-50E;86.98
Retractable Cables Kits;G1144;SK-30E;Coiled Cable Kit, Elite CMS;211.51
Retractable Cables Kits;A1885;SK-30E-T;Coiled Cable Kit, Elite, Trailer Only Section of SK-30E;86.98
Retractable Cables Kits;A1570;SK-50E;Coiled Cable Kit, Elite, Twin Camera - Drawbar Truck/Trailer;320.84
Retractable Cables Kits;K1879;SK-50E-A;Coiled Cable Kit, Elite, Truck-Only Section of SK-50E;233.87
Retractable Cables Kits;D3427;SK-15-01;Coiled Cable Kit, Elite, 3 Camera, 15 Pin;458.95
Retractable Cables Kits;D3423;SP-15A-01;Coiled Cables Kit Part, 15-Pin B/head Socket for Truck;120.43
Retractable Cables Kits;D3422;SP-15B-01;Coiled Cables Kit Part, 15-Pin B/head Socket for Trailer;120.43
Retractable Cables Kits;3997;SK-15-04;Coiled Cable Kit, Elite for 1 Camera + Ultrasonic Detection System, 15 Pin;420.04
Retractable Cables Kits;3955;SP-15A-04;Coiled Cables Kit Part, 15-Pin B/head Socket for Truck;97.16
Retractable Cables Kits;3956;SP-15B-04;Coiled Cables Kit Part, 15-Pin B/head Socket for Trailer;97.16
Retractable Cables Kits;5066;SK-15-05;Coiled Cable Kit, BN360, 3 x Cams, 15 Pin;453.08
Retractable Cables Kits;5064;SP-15A-05;Coiled Cables Kit Part, 15-Pin B/head Socket for Truck;124.10
Retractable Cables Kits;5065;SP-15B-05;Coiled Cables Kit Part, 15-Pin B/head Socket for Trailer;124.10
Retractable Cables Kits;D3268A;SC-15-01;Coiled Cables Kit Part, Coiled Cable, 15-Pin Plugs, 12 Core Cable (6 Shielded);225.72
Retractable Cables Kits;1571A;CS-020;Coiled Cables Kit Part, Elite, Two-Way Camera Selector;85.01
Retractable Cables Kits;A1140;SP-07C;Coiled Cables Kit Part, 7-Pin B/Head Socket for Truck;45.31
Retractable Cables Kits;7564;SP-07C;Coiled Cables Kit Part, 7-Pin B/Head Plug;65.20
Retractable Cables Kits;A1142;SP-07T;Coiled Cables Kit Part, 7-Pin B/Head Socket for Trailer;45.31
Retractable Cables Kits;7565;SP-07T;Coiled Cables Kit Part, B/Head Plug;65.20
Retractable Cables Kits;5529;SP-07ABS-R02;Coiled Cables Kit Part, 7-Pin ABS Suzie Socket;83.29
Retractable Cables Kits;5530;SP-07ABS-R01;Coiled Cables Kit Part, 7-Pin ABS Suzie Socket;83.29
Retractable Cables Kits;A1827A;SP-7A;Coiled Cables Kit Part, 7-Pin B/Head Socket for Truck;45.31
Retractable Cables Kits;7566;SP-7A;Coiled Cables Kit Part, 7-Pin B/Head Socket for Truck;65.20
Retractable Cables Kits;A1828A;SP-7B;Coiled Cables Kit Part, 7-Pin B/Head Socket for Trailer;45.31
Retractable Cables Kits;7567;SP-7B;Coiled Cables Kit Part, 7-Pin B/Head Socket for Truck;65.20
Retractable Cables Kits;A1829;SC-7;Coiled Cables Kit Part, Coiled Cable, 7-Pin Plugs (Unique Pin Layout);54.05
Retractable Cables Kits;A1046;SC-07;Coiled Cables Kit Part, Coiled Cable, 7-Pin Plugs;53.44
Retractable Cables Kits;S1057;SP-10;Retractable Cables Kit Part 10-Pin B/Head Socket with Protective Boot;107.95
Retractable Cables Kits;G2539;VSK-31E;Coiled Cable Kit, Select, Unique Pin Layout;185.32
Retractable Cables Kits;G2543;VSK-31E-T;Coiled Cable Kit, Select, Trailer Only Section of VSK-31E & VSK-50E;61.43
Retractable Cables Kits;A2538;VSK-30E;Coiled Cable Kit, Select CMS;133.12
Retractable Cables Kits;G2542;VSK-30E-T;Coiled Cable Kit, Select, Trailer Only Section of VSK-30E;48.91
Retractable Cables Kits;G2540;VSK-50E;Coiled Cable Kit, Select, Twin Camera - Drawbar Truck/Trailer;238.59
Retractable Cables Kits;G2541;VSK-50E-A;Coiled Cable Kit, Select, Truck-Only Section of VSK-50E;189.68
Retractable Cables Kits;A1847;VSP-47A;Coiled Cables Kit Part, 7-Pin B/head Socket for Truck - for VSK-30E/VSK-50E;31.72
Retractable Cables Kits;A1846;VSP-47B;Coiled Cables Kit Part, 7-Pin B/head Socket for Trailer - for VSK-30E/VSK-50E;31.72
Retractable Cables Kits;4744;VSP-47ABS-C;Coiled Cables Kit Part, 7-Pin B/head Socket for Truck/Cab (ABS socket) Select;77.93
Retractable Cables Kits;4745;VSP-47ABS-T;Coiled Cables Kit Part, 7-Pin B/head Socket for Trailer (ABS socket) Select;85.01
Retractable Cables Kits;4748;SP-07ABS-C;Coiled Cables Kit Part, 7-Pin B/head Socket for Truck (ABS socket) Elite;93.51
Retractable Cables Kits;4749;SP-07ABS-T;Coiled Cables Kit Part, 7-Pin B/head Socket for Trailer (ABS socket) Elite;94.93
Retractable Cables Kits;4750;SC-07ABS;Coiled Cables Kit Part: Coiled Cable, 7-Pin plugs, ABS;168.90
Retractable Cables Kits;A1227;SC-07-24S;Coiled Cables Kit Part, Coiled Cable With Type 24S 7-Pin Plugs;51.96
Retractable Cables Kits;1844A;VCS-020;Coiled Cables Kit Part: Select, Two-Way Camera Selector;132.45
Retractable Cables Kits;4219;SK-UDS-05;Coiled Cable Kit, Select, Single Ultrasonic Detection System;128.47
Retractable Cables Kits;4237;SP-UDS-57A;Coiled Cables Kit Part, B/head Socket for Truck, Pigtails + SK-UDS-05 Connector;38.26
Retractable Cables Kits;4564;SP-UDS-57A+2;Coiled Cables Kit Part, B/head Socket for Truck/Cab, Pigtails + Connector + 2 wires;41.80
Retractable Cables Kits;4238;SP-UDS-57B;Coiled Cables Kit Part, B/head Socket for Trailer, Pigtails + SK-UDS-05 Connector;38.26
Retractable Cables Kits;4565;SP-UDS-57B+2;Coiled Cables Kit Part, B/head Socket for Trailer, Pigtails + Connector + 2 wires;41.80
Retractable Cables Kits;4218;SC-UDS-05;Coiled Cables Kit Part, Coiled Cable With Blue 7-Pin Plugs;53.44
Retractable Cables Kits;5376;BKT-021;Coiled Cables Kit Part, Bracket - Bent;30.34
Retractable Cables Kits;5377;BKT-022;Coiled Cables Kit Part, Bracket - Flat;27.24
Camera Cables;A0800;BE-L130;Elite Camera Extension Cable - 30m;64.97
Camera Cables;A0801;BE-L120;Elite Camera Extension Cable - 20m;48.21
Camera Cables;A0802;BE-L115;Elite Camera Extension Cable - 15m;40.69
Camera Cables;A0803;BE-L110;Elite Camera Extension Cable - 10m;34.66
Camera Cables;F3008;BE-L112;Elite Camera Extension Cable - 12m;37.50
Camera Cables;F3007;BE-L108;Elite Camera Extension Cable - 8m;33.21
Camera Cables;A0804;BE-L105;Elite Camera Extension Cable - 5m;30.02
Camera Cables;5042;BE-L101;Elite Camera Extension Cable - 1m;22.34
Camera Cables;A2797;BE-L1003;Elite Camera Extension Cable - 30cm;9.08
Camera Cables;A1907;BE-X025;Elite Camera Extension Cable - 25m;70.71
Camera Cables;A1143;BE-X020;Elite Camera Extension Cable - 20m;52.85
Camera Cables;A2101;BE-X015;Elite Camera Extension Cable - 15m;51.05
Camera Cables;A2100;BE-X010;Elite Camera Extension Cable - 10m;41.09
Camera Cables;A2099;BE-X005;Elite Camera Extension Cable - 5m;31.07
Camera Cables;A0805;BE-X003;Elite Camera Extension Cable - 3m;30.02
Camera Cables;A2178A;BE-XM005F;Elite Camera Extension Cable - 5m;80.33
Camera Cables;A2108;VBV-L430;Select Camera Extension Cable - 30m;34.97
Camera Cables;3513;VBV-L425;Select Camera Extension Cable - 25m;29.73
Camera Cables;A1380;VBV-L420;Select Camera Extension Cable - 20m;23.96
Camera Cables;F3150;VBV-L415;Select Camera Extension Cable - 15m;20.85
Camera Cables;A3106;VBV-L412;Select Camera Extension Cable - 12m;18.51
Camera Cables;A1386;VBV-L410;Select Camera Extension Cable - 10m;16.54
Camera Cables;3151;VBV-L407;Select Camera Extension Cable - 7m;17.40
Camera Cables;3152;VBV-L406;Select Camera Extension Cable - 6m;15.41
Camera Cables;A1499;VBV-L405;Select Camera Extension Cable - 5m;11.73
Camera Cables;3153;VBV-L404;Select Camera Extension Cable - 4m;13.05
Camera Cables;4977;VBV-L403;Select Camera Extension Cable - 3m;10.69
Camera Cables;A1554;VBV-L4025;Select Camera Extension Cable - 2.5m;9.05
Camera Cables;S5773;VBV-L4020;Essential Camera Extension Cable - 20m;28.89
Camera Cables;F3154;VBV-L4005;Select Camera Extension Cable - 0.5m;7.84
Camera Cables;5764;VBV-L4002(XA);Select Camera Cable - 0.2m - no audio;8.43
Camera Cables;5632;VBV-L405(KV-1);Select Camera Blue Kevlar Extension Cable - 5m;225.18
Camera Cables;5631;VBV-L410(KV-1);Select Camera Blue Kevlar Extension Cable - 10m;326.77
Camera Cables;5630;VBV-L415(KV-1);Select Camera Blue Kevlar Extension Cable - 15m;441.88
Camera Cables;5768;VBV-L4XX-CAP;Select Camera Cable Cap for VBV-4XX Series Cales;4.08
Camera Cables;5511;VBV-H430;Select Camera Extension HD Cable - 30m;34.78
Camera Cables;5512;VBV-H425;Select Camera Extension HD Cable - 25m;30.97
Camera Cables;5513;VBV-H420;Select Camera Extension HD Cable - 20m;23.25
Camera Cables;5514;VBV-H415;Select Camera Extension HD Cable - 15m;20.75
Camera Cables;5515;VBV-H412;Select Camera Extension HD Cable - 12m;18.41
Camera Cables;5516;VBV-H410;Select Camera Extension HD Cable - 10m;16.44
Camera Cables;5517;VBV-H407;Select Camera Extension HD Cable - 7m;17.29
Camera Cables;5518;VBV-H406;Select Camera Extension HD Cable - 6m;17.30
Camera Cables;5519;VBV-H405;Select Camera Extension HD Cable - 5m;11.66
Camera Cables;6193;VBV-H405(KV);Select HD Extension Cable - 5m with 1m length of Kevlar Cable & Over Moulding;230.28
Camera Cables;5520;VBV-H404;Select Camera Extension HD Cable - 4m;12.98
Camera Cables;5521;VBV-H403;Select Camera Extension HD Cable - 3m;10.62
Camera Cables;5522;VBV-H4025;Select Camera Extension HD Cable - 2.5m;7.74
Camera Cables;5523;VBV-H4005;Select Camera Extension HD Cable - 0.5m;7.80
Camera Cables;4193;VBV-XM003;Select Monitor Extension Cable - 3m (For VBV-750DM & VBV-770DM);14.85
Camera Cables;5383;VBV-XFM003;Select Monitor Extension Cable - 3m for VBV-770FM;55.72
Camera Cables;6445;VBV-XHFM003;Select Monitor Extension Cable - 3m for VBV-7104HFM;55.72
Camera Cables;7366;BE-H0003;Elite Camera Extension HD Cable - 0.3m;17.13
Camera Cables;7367;BE-H001;Elite Camera Extension HD Cable - 1m;22.84
Camera Cables;7368;BE-H003;Elite Camera Extension HD Cable - 3m;25.12
Camera Cables;7369;BE-H005;Elite Camera Extension HD Cable - 5m;33.11
Camera Cables;7370;BE-H008;Elite Camera Extension HD Cable - 8m;36.54
Camera Cables;7371;BE-H010;Elite Camera Extension HD Cable - 10m;38.82
Camera Cables;7372;BE-H012;Elite Camera Extension HD Cable - 12m;43.39
Camera Cables;7373;BE-H015;Elite Camera Extension HD Cable - 15m;50.24
Camera Cables;7374;BE-H020;Elite Camera Extension HD Cable - 20m;61.66
Camera Cables;7375;BE-H025;Elite Camera Extension HD Cable - 25m;74.22
Camera Cables;7376;BE-H030;Elite Camera Extension HD Cable - 30m;75.36
Camera Cables;7491;VBV-AI820;AI Camera Extension Cable 8 pin to 8 pin - 20m;97.05
Camera Cables;7490;VBV-AI805;AI Camera Extension Cable 8 pin to 8 pin - 5m;37.47
Camera Cables;7489;VBV-AI801;AI Camera Extension Cable 8 pin to 8 pin - 1m;19.10
Camera Cables;S7346;VBV-22X0C-CA;AI Camera Adapter Cable 8 pin to 4 pin;34.67
Camera Cables;7509;VBV-AI815;AI Camera Extension Cable 8 pin to 8 pin - 15m;80.45
Camera Cables;7507;VBV-22X0C-CA-RJ45;AI Camera Adapter Cable with RJ45 Connector;71.10
Camera Cables;7508;VBV-AI810;AI Camera Extension Cable 8 pin to 8 pin - 10m;58.65
Adapter Cables;A1908;AC-003;CMS Adapter Cable, BE-800C to BE-455/650;23.24
Adapter Cables;A1909;AC-004;CMS Adapter Cable, BE-800 Monitors to BE-455/650;23.24
Adapter Cables;A1983;AC-006;CMS Adapter Cable, Select Camera (Except Shutter) to Elite;14.60
Adapter Cables;A1984;AC-007;CMS Adapter Cable, Select Monitor to Elite Cable;9.13
Adapter Cables;A2094;AC-014;CMS Adapter Cable, Elite Camera to Select Cable;14.60
Adapter Cables;5049;AC-014(5m);CMS Adapter Cable, Elite Camera to Select Cable - 5m;20.63
Adapter Cables;5635;AC-H014(5m);CMS Adapter Cable, Elite Camera to Select Cable - 5m;20.63
Adapter Cables;7214;AC-H014(3m);CMS Adapter Cable, 3m Adapter AHD;22.46
Adapter Cables;E2371;AC-017;CMS Adapter Cable, BE-300 to Elite Cable;14.42
Adapter Cables;F2589;AC-019;CMS Adapter Cable, Elite Cable to OE Monitor - Male Phono (Video Only);23.33
Adapter Cables;A2590A;AC-020;CMS Adapter Cable, Elite Monitor to Select Cable;11.86
Adapter Cables;5964;AC-020(10m);CMS Adapter Cable, Elite Monitor to Select Cable (10m);24.67
Adapter Cables;A2930;AC-022;CMS Adapter Cable, Select 6 Pin to Select 13 Pin;14.17
Adapter Cables;S3183;AC-024;CMS Adapter Cable, Phono to Select Cable (Video & Audio Input, 12Vdc Output);6.01
Adapter Cables;3198;AC-027;CMS Adapter Cable, Phono to Select Monitor via 3.5mm 3-Pole Male Jack Plug;4.36
Adapter Cables;S3335;AC-028;CMS Adapter Cable, Phono to Select Cable (Video & Audio Input, 12Vdc Output);7.26
Adapter Cables;C3412;AC-031;CMS Adapter Cable, GDS System to Select Monitor;29.05
Adapter Cables;C3413;AC-032;CMS Adapter Cable, Elite Camera to GDS System Monitor;18.70
Adapter Cables;S3702;AC-035;CMS Adapter Cable, Select Shutter Camera to Select 4-Core Cable (5-Pin : 4-Pin);15.26
Adapter Cables;3971;AC-038;CMS Adapter Cable, Elite Camera to Eico Cable;152.49
Adapter Cables;F4002;AC-039;CMS Adapter Cable, Elite Camera to John Deere Green Star 2630 Terminal;152.49
Adapter Cables;F4003;AC-040;CMS Adapter Cable, 3 x Elite Cameras to John Deere Green Star 2630 Terminal;252.70
Adapter Cables;4245;AC-041;CMS Adapter Cable, Elite Camera to 7-Way AMP;60.50
Adapter Cables;4246;AC-042;CMS Adapter Cable, Select Camera to 7-Way AMP;45.02
Adapter Cables;4244;AC-043;CMS Adapter Cable, 6-Pin Mini DIN to 4-Pin Select (Replace AWTI Camera with Select);7.84
Adapter Cables;4279;AC-044;CMS Adapter Cable, Elite Camera to Molex M12;59.54
Adapter Cables;4280;AC-045;CMS Adapter Cable, Select Camera to Molex M12;75.52
Adapter Cables;4088;AC-050;CMS Adapter Cable, Elite Camera to 5 Way D-SUB Output for Massey Ferguson;77.07
Adapter Cables;4310;AC-051;CMS Adapter Cable, 22-Pin to 13-Pin;29.05
Adapter Cables;4327;AC-052;CMS Adapter Cable, 4-Pin Select to 6-Pin Female Mini DIN;7.41
Adapter Cables;4339;AC-053;CMS Adapter Cable, 13-Pin (Female) to 13-Pin (Female);7.41
Adapter Cables;6098;AC-055;CMS Adapter Cable, 5-Pin to 4-Pin Select Cable;7.97
Adapter Cables;4401;AC-056;CMS Adapter Cable, Select Camera to Orlaco Monitor;67.22
Adapter Cables;4597;AC-059;CMS Adapter Cable, Phono (Female) to Phono (Female) Barrel Connector;1.45
Adapter Cables;4662;AC-061;CMS Adapter Cable, BE-870LM to BE-870LM;29.68
Adapter Cables;4691;AC-062;CMS Adapter Cable, BE-LXXX Cable to Orlaco Monitor;78.24
Adapter Cables;4925;AC-063;CMS Adapter Cable, Elite Camera to Orlaco Monitor (Screw Fit);50.94
Adapter Cables;5027;AC-066;CMS Adapter Cable, Orlaco Camera to Elite Monitor;68.78
Adapter Cables;5028;AC-067;CMS Adapter Cable, Orlaco Camera to Select Monitor;67.40
Adapter Cables;5234;AC-068;CMS Adapter Cable, Select Camera to MAN Harman MFD;71.32
Adapter Cables;5318;AC-069;CMS Adapter Cable, Select Camera to MAN Harman unit w/o camera prep;100.99
Adapter Cables;5528;AC-069-90;CMS Adapter Cable, Select Camera to Scania/MAN Harman unit w/o camera prep;95.51
Adapter Cables;5430;AC-070;CMS Adapter Cable, Select Camera to MAN TGE & VW Crafter;127.35
Adapter Cables;5870;AC-071;CMS Adapter Cable, VBV Camera to BNC Adapter Cable;10.10
Adapter Cables;6502;AC-074;CMS Adapter Cable, Select HFM Monitor, Male-to-Male;38.77
Adapter Cables;5435;AC-24-05(001);CMS Adapter Cable, In-Line 12-24/5.2V Converter - 360 Camera to VBV Connector;29.87
Adapter Cables;8132;AC-24-05(002);CMS Adapter Cable, In-Line Voltage Adapter, 12-32V/5.2V Select HD 360 in - Select Monitor Out;103.60
Adapter Cables;4235;AC-24-12(001);CMS Adapter Cable, In-Line 24/12V Converter - Select Camera to Elite Connector;24.69
Adapter Cables;4266;AC-24-12(002);CMS Adapter Cable, In-Line 24/12V Converter - Elite Camera to Fakra Monitor (Input);58.82
Adapter Cables;4472;AC-24-12(002) CBL;CMS Adapter Cable, In-Line 24/12V Converter - Without Connectors;35.97
Adapter Cables;4301A;AC-24-12(003);CMS Adapter Cable, In-Line 24/12V Converter - 2 x Select Cameras to M12 + Power;76.17
Adapter Cables;4281;AC-24-12(004);CMS Adapter Cable, In-Line 24/12V Converter - Select Camera to MAN (Bosch) HSD;118.94
Adapter Cables;4323;AC-24-12(005);CMS Adapter Cable, In-Line 24/12V Converter - Select Camera to M12 Connector;58.09
Adapter Cables;4719;AC-24-12(006);CMS Adapter Cable, In-Line 24/12V Converter - Select Camera to Volvo;100.81
Adapter Cables;4762;AC-24-12(007);CMS Adapter Cable, In-Line 24/12V Converter - Select Camera to Iveco;58.09
Adapter Cables;4763;AC-24-12(008);CMS Adapter Cable, In-Line 24/12V Converter - Select Camera to Mercedes;104.81
Adapter Cables;4926;AC-24-12(009);CMS Adapter Cable, Mekra Monitor to Select Camera (Screw Fit);53.83
Adapter Cables;5907;AC-24-12(010);CMS Adapter Cable, Select to Mercedes J9P;72.08
Adapter Cables;5760;AC-24-12(011);CMS Adapter Cable, In-Line 24/12V Converter, Select Camera to Select Monitor;34.46
Adapter Cables;6116;AC-24-12(012);CMS Adapter Cable, In-Line 24/12V Orlaco Monitor to BE Camera;60.05
Adapter Cables;6132;AC-24-12(013);CMS Adapter Cable, In-Line 24/12 Converter, Elite Camera to Elite Monitor;33.87
Adapter Cables;4931;24N-BE-X010;CMS Adapter Cable, 10 m BE-X010 Cable (in 6m Conduit) with 24N Connector);111.92
Adapter Cables;7018;AC-24-12(018);CMS Adapter Cable to Enable Camera +12V Activation;25.69
Adapter Cables;7019;AC-24-12(019);CMS Adapter Cable in-line 24/12v converter, Select to 6 pin TE Connector, with 12v activiation wire;108.98
Camera Monitor System Ancillaries;2152A;EDM-50;CMS Option, Elite Multi-Camera Screen Splitter (12-24v);290.46
Camera Monitor System Ancillaries;4851;LS-60-A;CMS Option, Speed Trigger Module (12-24v);179.94
Camera Monitor System Ancillaries;SUB0075;CNECT-NAV(4ppm ENV200);CAN Interface Switch;183.33
Camera Monitor System Ancillaries;SUB0053;RUBBERBALL;2 Inch x 1.7 Inch (Universal AMP) Base 1.5 Inch Rubber Ball;94.96
Camera Monitor System Ancillaries;SUB0124;DMC-WMH;DMC-1025/1035 Windscreen Mount Housing;74.09
Camera Monitor System Ancillaries;5781;LS-60-A-ECU;CMS Option, Speed Trigger Module ECU;192.03
Camera Monitor System Ancillaries;A3666;SC-1000-ECU;CMS Option, BE-810C Shutter Camera Module;33.30
Camera Monitor System Ancillaries;A3665;TC-1000-ECU;CMS Option, BE-840C + BE-840RC Tilt Camera Module;37.55
Camera Monitor System Ancillaries;5786;PV3i;CMS Option, Power Converter to support products suffering interference from noisy vehicles;125.18
Dashcams - including Accessories;6290;DC-101-000;Dashcam - 1080p, Audio, GPS Tracking, 16GB SD Card UK;159.85
Dashcams - including Accessories;6291;DC-102-000;Dashcam - 1080p, Audio, GPS Tracking, Second Camera Input, 32GB SD Card UK;227.22
Dashcams - including Accessories;6395;DC-102-RVC;Dashcam - 1080p, Audio, GPS, 32GB SD plus 2nd Cam UK;258.64
Dashcams - including Accessories;6396;DC-102-IRC;Dashcam - 1080p, Audio, GPS, 32GB SD plus IR Cam UK;275.93
Dashcams - including Accessories;6292;DC-REAR-CAM;Dashcam - Additional Dashcam Camera - 1080p;67.94
Dashcams - including Accessories;6293;DC-IR-CAM;Dashcam - Additional Dashcam Camera with IR - 1080p;90.77
Dashcams - including Accessories;6296;DC-IXX-LOCK;Dashcam - Locking Box;22.27
Dashcams - including Accessories;6323;DC-IXX-DPC7;Dashcam - Power Cable (7m);35.97
Dashcams - including Accessories;6542;DC-1XX-64SD;Dashcam - 64GB Micro SD Card with Adaptor;0.00
Dashcams - including Accessories;7477;DC-204-AI(UK/EU);Dashcam - Connected AI Dashcam, 4 Channel, 1080p (UK/EU);860.50
Dashcams - including Accessories;7480;DC-204-AI-PL-01;Dashcam - Power Cable;8.98
Dashcams - including Accessories;S7481;DC-204-AI-B-01;Dashcam - Bracket Assembly (Bracket, 3M VHB pad, bolt& washer & cleaning pipe);3.37
Dashcams - including Accessories;7482;DC-204-AI-PB-01;Dashcam - Power Box with Cable;64.88
MDR-600 Series Mobile Digital Recorders - Complete Systems;6575;MDR-644-0.5-SSD;MDR-600, 4 Analogue Channels, 4 IP Channels, 500GB,SSD, 64GB SD;1123.88
MDR-600 Series Mobile Digital Recorders - Complete Systems;6576;MDR-644G-0.5-SSD;MDR-600, 4G 4 Analogue Channels, 4 IP Channels, 500GB,SSD, 64GB SD;1305.30
MDR-600 Series Mobile Digital Recorders - Complete Systems;6577;MDR-644GW-0.5-SSD;MDR-600, 4G & WiFi 4 Analogue Channels, 4 IP Channels, 500GB,SSD, 64GB SD;1412.51
MDR-600 Series Mobile Digital Recorders - Complete Systems;6580;MDR-644-1-SSD;MDR-600 4 Analogue Channels, 4 IP channels, 1TB SSD,  64GB SD;1203.04
MDR-600 Series Mobile Digital Recorders - Complete Systems;6581;MDR-644G-1-SSD;MDR-600 4G, 4 Analogue Channels, 4 IP Channels, 1TB SSD 64GB SD;1379.50
MDR-600 Series Mobile Digital Recorders - Complete Systems;6582;MDR-644GW-1-SSD;MDR-600 4G & WiFi, 4 Analogue Channels, 4 IP Channels, 1TB SSD 64GB SD;1483.30
MDR-600 Series Mobile Digital Recorders - Complete Systems;6585;MDR-644-2-SSD;MDR-600 4 Analogue Channels, 4 IP channels, 2TB SSD,  64GB SD;1590.49
MDR-600 Series Mobile Digital Recorders - Complete Systems;6586;MDR-644G-2-SSD;MDR-600 4G, 4 Analogue Channels, 4 IP Channels, 2TB SSD 64GB SD;1788.56
MDR-600 Series Mobile Digital Recorders - Complete Systems;6587;MDR-644GW-2-SSD;MDR-600 4G & WiFi, 4 Analogue Channels, 4 IP Channels, 2TB SSD 64GB SD;1868.85
MDR-600 Series Mobile Digital Recorders - Complete Systems;7073;MDR-641-1-SSD;MDR-600 4 Analogue Channels, 1 IP channel, 1TB SSD;787.84
MDR-600 Series Mobile Digital Recorders - Complete Systems;7074;MDR-641G-1-SSD;MDR-600 4G, 4 Analogue Channels, 1 IP Channel, 1TB SSD;953.92
MDR-600 Series Mobile Digital Recorders - Complete Systems;7075;MDR-641GW-1-SSD;MDR-600 4G & WiFi, 4 Analogue Channels, 1 IP Channel, 1TB SSD;1068.10
MDR-600 Series Mobile Digital Recorders - Complete Systems;7078;MDR-641-2-SSD;MDR-600 4 Analogue Channels, 1 IP channels, 2TB SSD;1181.58
MDR-600 Series Mobile Digital Recorders - Complete Systems;7079;MDR-641G-2-SSD;MDR-600 4G, 4 Analogue Channels, 1 IP Channel, 2TB SSD;1358.01
MDR-600 Series Mobile Digital Recorders - Complete Systems;7080;MDR-641GW-2-SSD;MDR-600 4G & WiFi, 4 Analogue Channels, 1 IP Channel, 2TB SSD;1471.55
MDR-600 Series - Optional Extras;6633;MDR-644-DS-E01;MDR-600 4 Analogue Channcels, 4 IP Channels, 64GB, SD, without MCU;943.81
MDR-600 Series - Optional Extras;6634;MDR-644G-DS-E01;MDR-600 4G 4 Analogue Channcels, 4 IP Channels, 64GB, SD, without MCU;1140.58
MDR-600 Series - Optional Extras;6635;MDR-644GW-DS-E01;MDR-600 4G & WiFi 4 Analogue Channcels, 4 IP Channels, 64GB, SD, without MCU;1254.44
MDR-600 Series - Optional Extras;S6620;MDR-644-CAD;MDR-644 Caddy without HDD/SSD;110.35
MDR-600 Series - Optional Extras;S6623;MDR-IO-02;MDR-644 22-Pin Triggers & Accessories & Power Out;8.62
MDR-600 Series - Optional Extras;6625;MDR-CAN -01;MDR CAN Cable;28.63
MDR-600 Series - Optional Extras;S6624;MDR-ANT-GPS-03;MDR GPS Antenna;42.90
MDR-600 Series - Optional Extras;S4989;MDR-ANT-MOB-01;MDR Mobile Network Antenna;7.75
MDR-600 Series - Optional Extras;7051;MDR-AC-ACC-01;MDR Adapter Cable for Remote Panel;12.07
MDR-600 Series - Optional Extras;7053;MDR-MCU-R-01;MDR MCU Reader for PC;102.05
MDR-600 Series - Optional Extras;7054;MDR-AC-HWU-01;MDR Adapter Cable for Hazard Warning Unit;12.07
MDR-600 Series - Optional Extras;S7094;MDR-641-CAD;MDR-641 Caddy without HDD/SSD;91.67
MDR-600 Series - Optional Extras;S7049;MDR-PWR-02;MDR 9-Pin Power Cable;9.13
MDR-600 Series - Optional Extras;7050;MDR-IO-03;MDR 22-Pin Triggers & Accessories & Power Out;12.07
MDR-600 Series - Optional Extras;7020;AC-075;CMS Adapter Cable Select Female to Female;15.25
MDR-600 Series - Optional Extras;7121;MDR-BKT-FIX-02;MDR Bracket Fixings + 4 x Fixing Screws Black (MD4x8);6.23
MDR-600 Series - Optional Extras;7056;MDR-USB-A-01;MDR USB 3.0 Cable - Type A to Type A Connectors;9.65
MDR-600 Series - Optional Extras;7052;MDR-BKT-02;MDR Brackets x 2;9.34
MDR-600 Series - Optional Extras;7083;MDR-641-DS-E01;MDR-600 4 Analogue Channcels, 1 IP Channel, without MCU;534.09
MDR-600 Series - Optional Extras;7084;MDR-641G-DS-E01;MDR-600 4G, 4 Analogue Channcels, 1 IP Channel, without MCU;721.86
MDR-600 Series - Optional Extras;7085;MDR-641GW-DS-E01;MDR-600 4G& WiFi, 4 Analogue Channcels, 1 IP Channel, without MCU;834.13
MDR-600 Series - Optional Extras;8097;MDR-644-1-MCU-SSD Kit;MDR-644 Caddy Unit, 1TB SSD Kit;309.54
MDR-600 Series - Optional Extras;8098;MDR-644-2-MCU-SSD Kit;MDR-644 Caddy Unit, 2TB SSD Kit;840.54
MDR-600 Series - Optional Extras;6628;MDR-SMACON;MDR Smart Controller;69.87
MDR-600 Series - Optional Extras;7417;MDR-HWU-01;MDR Hazard Warning Unit;65.71
MDR-600 Series - Optional Extras;7699;MDR-HWU-L603-01;MDR-HWU-01 6-pin Molex Male 3m Extension Cable;17.50
MDR-600 Series - Optional Extras;7425;MDR-HWU-L605-01;MDR-HWU-01 6-pin Molex Male 5m Extension Cable;24.30
MDR-600 Series - Optional Extras;7426;MDR-HWU-L607-01;MDR-HWU-01 6-pin Molex Male 7m Extension Cable;35.20
MDR-500 Series Mobile Digital Recorders - Complete Systems;6432;MDR-504-2-G2-SSD;MDR-500 4 Camera, 2TB HDD, SSD, 32GB SD (GEN 2);1648.47
MDR-500 Series Mobile Digital Recorders - Complete Systems;6433;MDR-504G-2-G2-SSD;MDR-500 4G 4 Camera, 2TB SSD, 32GB SD (GEN 2);1888.25
MDR-500 Series Mobile Digital Recorders - Complete Systems;6434;MDR-504GW-2-G2-SSD;MDR-500 4G & WiFi 4 Camera, 2TB SSD, 32GB SD (GEN 2);2008.14
MDR-500 Series Mobile Digital Recorders - Complete Systems;6437;MDR-508-2-G2-SSD;MDR-500 8 Camera, G-Sensor, 2TB SSD, 64GB SD (GEN 2);1726.64
MDR-500 Series Mobile Digital Recorders - Complete Systems;6438;MDR-508G-2-G2-SSD;MDR-500 4G 8 Camera, G-Sensor, 2TB SSD, 64GB SD (GEN 2);1924.76
MDR-500 Series Mobile Digital Recorders - Complete Systems;6439;MDR-508GW-2-G2-SSD;MDR-500 4G & WiFi 8 Camera, G-Sensor, 2TB SSD, 64GB SD (GEN 2);2025.56
MDR-500 Series - Optional Extras;4903;AC-305;MDR Splitter Cable - BN360-100C to MDR;16.58
MDR-500 Series - Optional Extras;6648;AC-H305;MDR AHD Splitter Cable - BN360-1000C to MDR;42.48
MDR-500 Series - Optional Extras;4904;AC-306;MDR SELECT Y-Piece Splitter Cable;15.42
MDR-500 Series - Optional Extras;4905;AC-307;MDR ELITE Y-Piece Splitter Cable;11.07
MDR-500 Series - Optional Extras;6016;MDR-RP-02;MDR Panic Button & Status Panel - 4m Cable;86.25
MDR-500 Series - Optional Extras;S6018;MDR-04RPC;MDR Panic Button & Status Panel - 4m Cable;10.02
MDR-500 Series - Optional Extras;4873;MDR-06RPC;MDR 6m Cable for Remote Status & Interface Panel;33.91
MDR-500 Series - Optional Extras;4988;MDR-GS-O2;MDR External G-Sensor & 2m Cable;92.66
MDR-500 Series - Optional Extras;4874;MDR-03GSC;MDR 3m Cable for External G-Sensor;22.90
MDR-500 Series - Optional Extras;4875;SD-32GB-IND;MDR 32GB SD Card;47.96
MDR-500 Series - Optional Extras;4876;SD-64GB-IND;MDR 64GB SD Card;71.93
MDR-500 Series - Optional Extras;4896;MDR-FPB32-01;MDR External SD Mirror-Recorder in Fireproof Box with 32GB SD Card;243.86
MDR-500 Series - Optional Extras;4989;MDR-ANT-MOB-01;MDR Mobile Network Antenna;8.53
MDR-500 Series - Optional Extras;4990;MDR-ANT-WIFI-01;MDR Wi-Fi Antenna;11.57
MDR-500 Series - Optional Extras;5083;AC-300;MDR SELECT Y-Piece Splitter Cable (Stripped Ends);8.10
MDR-500 Series - Optional Extras;4883;MDR-ANT-GPS-01;MDR GPS Antenna;17.50
Internet Protocol (IP) Cameras & Expansion Modules;5935;IP-1000C;IP Camera - Forward Facing, Audio (1080p);334.45
Internet Protocol (IP) Cameras & Expansion Modules;5935A;IP-1000C;IP Camera - Forward Facing, Audio (1080p);334.45
Internet Protocol (IP) Cameras & Expansion Modules;5936;IP-1100C;IP Camera - Surface Mount. IP67 (1080p);359.54
Internet Protocol (IP) Cameras & Expansion Modules;5936A;IP-1100C;IP Camera - Surface Mount. IP67 (1080p);359.54
Internet Protocol (IP) Cameras & Expansion Modules;5937;IP-1200C;IP Camera - Interior Use, Audio (1080p);359.54
Internet Protocol (IP) Cameras & Expansion Modules;5937A;IP-1200C;IP Camera - Interior Use, Audio (1080p);359.54
Internet Protocol (IP) Cameras & Expansion Modules;8027;IP-FFC-AI-01;IP AI Camera - Forward Facing, Audio (1520p);424.35
Internet Protocol (IP) Cameras & Expansion Modules;8029;IP-DFC-AI-WS-01;IP AI Camera - Driver Facing, Windscreen Mount;315.04
Internet Protocol (IP) Cameras & Expansion Modules;8088;IP-DFC-AI-DB-01;IP AI Camera - Driver Facing Dashboard Mount;315.04
Internet Protocol (IP) Cameras & Expansion Modules;8089;IP-DFC-AI-AP-01;IP AI Camera - Driver Facing A-Pillar Mount;315.04
Internet Protocol (IP) Cameras & Expansion Modules;S8085;IP-FFC-AI-01-GRUB;Rubber Cable Crub for IP AI Camera;3.40
Internet Protocol (IP) Cameras & Expansion Modules;S8086;IP-FFC-AI-01-3M-PAD;Sticky Pad for Camera Mount;9.89
Internet Protocol (IP) Cameras & Expansion Modules;S8075;DFC-BRKT-DB-01;IP AI Camera, Dashboard Mounting Bracket;45.25
Internet Protocol (IP) Cameras & Expansion Modules;S8076;DFC-BRKT-WS-01;IP AI Camera, Windscreen Mounting Bracket;45.25
Internet Protocol (IP) Cameras & Expansion Modules;S8077;DFC-BRKT-AP-01;IP AI Camera, A-Pillar Mounting Bracket;45.25
Internet Protocol (IP) Cameras & Expansion Modules;S8081;DFC-BKT-WS-01-3M-PAD;Windscreen Mounting Bracket - 3m Pad;3.40
Internet Protocol (IP) Cameras & Expansion Modules;S8074;IP-DFC-AI-01-C;IP AI Camera - Driver Facing, Audi Camera Only;366.25
Internet Protocol (IP) Cameras & Expansion Modules;5860;IP-EM4;MDR - Power Over Network Switch - 4 Ports;274.60
Internet Protocol (IP) Cameras & Expansion Modules;5861;IP-EM8;MDR - Power Over Network Switch - 8 Ports;407.60
Internet Protocol (IP) Cameras & Expansion Modules;5865;IP-EC-1;MDR CAT5E Ethernet Cable 1m;12.62
Internet Protocol (IP) Cameras & Expansion Modules;5866;IP-EC-5;MDR CAT5E Ethernet Cable 5m;37.86
Internet Protocol (IP) Cameras & Expansion Modules;5864;IP-EM-PC;MDR MDR-PON Power Cable;42.91
Internet Protocol (IP) Cameras & Expansion Modules;5867;IP-L601;IP Camera Extension Cable - 1 metre;15.38
Internet Protocol (IP) Cameras & Expansion Modules;5902;IP-L603;IP Camera Extension Cable - 3 metre;17.41
Internet Protocol (IP) Cameras & Expansion Modules;5903;IP-L605;IP Camera Extension Cable - 5 metre;25.13
Internet Protocol (IP) Cameras & Expansion Modules;5982;IP-L610;IP Camera Extension Cable - 10 metre;36.79
Internet Protocol (IP) Cameras & Expansion Modules;5904;IP-L615;IP Camera Extension Cable - 15 metre;54.80
Internet Protocol (IP) Cameras & Expansion Modules;5983;IP-L620;IP Camera Extension Cable - 20 metre;74.18
Internet Protocol (IP) Cameras & Expansion Modules;5984;IP-L630;IP Camera Extension Cable - 30 metre;108.30
Internet Protocol (IP) Cameras & Expansion Modules;5985;IP-1XXX-PC;IP Camera - Power & Ethernet Cable;12.82
BRIDGE Services Hardware;5785;MDR-WL-SIM-EU-EE;BRIDGE Services EU EE 2GB SIM Pack;5.00
BRIDGE Services Hardware;5421A;MDR-WL-SIM-EU-TD;BRIDGE Services, UK/EU TD SIM Pack Ext Coverge;5.00
BRIDGE Services Hardware;7040;MDR-SIM-UKEER-UC;BRIDGE Services, Bridge View UK Data & EU Roaming EE SIM Pack;5.00
BRIDGE Services Hardware;4779027312149;BRIDGE-LINK-EU;BRIDGE Link, EU Modem;365.00
BRIDGE Services;MDR0001;SVS-FSU-UK;BRIDGE Services, Initial Fleet Config & Set-Up;144.38
BRIDGE Services;MDR0002;SVS-VSU-UK;BRIDGE Services, Per Vehicle Set-Up;28.88
BRIDGE Services;MDR0005;SVS-CTY-UK;BRIDGE Services, Consultancy, Hourly Rate;79.70
BRIDGE Services;MDR0007;BRIDGE-VIEW-KPN-1GB;Bridge View, KPN, 1GB Data+ - Annual Charge;237.47
BRIDGE Services;MDR0013;E-ALERTS-ADD-SERVICES;BRIDGE Additional Services (Email Alerts);2.95
BRIDGE Services;MDR0014;BRIDGE-VIEW-KPN-2GB;Bridge View, KPN, 2GB, Capped - Annual Charge;237.47
BRIDGE Services;MDR0020;BRIDGE-VIEW-KPN-2GB;Bridge View, KPN, 2GB Capped - Monthly Charge;19.79
BRIDGE Services;MDR0021;BRIDGE-VIEW-KPN-1GB;Bridge View, KPN, 1GB Data+ - Monthly Charge;19.79
BRIDGE Services;MDR0022;BRIDGE-VIEW-VEH-CAN;Bridge View, Vehicle Cancellation;0.00
TURNASSIST Scan and Vision System;5544;TA-770-4S;Turnassist™ 4 Sensor Sidescan / View Kit;1070.31
TURNASSIST Scan and Vision System;5545;TA-770-2S;Turnassist™ 2 Sensor Sidescan / View Kit;962.37
TURNASSIST Scan and Vision System;6121;TA-770HM-2S-PLUS;KSS Toter-Winkel-Warnsystem Stepcan 2S-PLUS;960.75
TURNASSIST Scan and Vision System;5622D;BS-4000W(TA);Backscan® Reversing Sensor System with Turn Assist Kit;279.83
TURNASSIST Scan and Vision System;5708;SS-4100W(TA);Sidescan® Sensor System for Turn Assist;279.83
TURNASSIST Scan and Vision System;S5620B;BS-4000W(TA)-ECU;Backscan® 4 Sensor Waterproof ECU - Mute Function (12-24v) Turn Assist;81.29
TURNASSIST Scan and Vision System;S5623;UDS-7-0SC;Backscan® Sensor Cable 7.0m;10.71
TURNASSIST Scan and Vision System;6122;TA-770HM-4S-FLEX;KSS Toter-Winkel-Warnsystem Sidescan 4S Flex;1072.09
TURNASSIST Scan and Vision System;S6214;BMM-015 (DIS);Monitor Option, Short Arm Bracket (no fan base);12.66
TURNASSIST Scan and Vision System;S6522;BMM-015 (FAN);Monitor Option, VBV Monitor  Bracket (Fan Base Only);10.26
TURNASSIST Scan and Vision System;S5633B;UDS-001DP(TA);UDS Audio-Visual Display Turn Assist;36.15
DVS & FORS Compliant Systems;6077;FORS-SS-01;FORS Compliant Camera & Side Detection System for Rigid Vehicles;1392.67
DVS & FORS Compliant Systems;6078;DVS-CS-01;DVS Compliant Camera & Side Detection System for Articulated Vehicles;1137.48
DVS & FORS Compliant Systems;6368;DVS-CS-03;DVS LHD Kit for Articulated Vehicles;1144.63
DVS & FORS Compliant Systems;6377;DVS-CS-04;DVS Cornerscan LHD Kit without Monitor for Articlulated Vehicles;681.76
DVS & FORS Compliant Systems;6076;DVS-SS-01;DVS Compliant Camera & Side Detection System for Rigid Vehicles;1224.22
DVS & FORS Compliant Systems;6367;DVS-SS-03;DVS Side Turn Alarm Kit;1245.36
DVS & FORS Compliant Systems;6378;DVS-SS-04;DVS Side Turn LHD Kit without Monitor for Rigid Vehicles;768.50
DVS & FORS Compliant Systems;6237;DVS-PROMO1;DVS Promo 1 AHD Sidescan Flex Kit;1229.93
DVS & FORS Compliant Systems;6238;DVS-PROMO2;DVS Promo 2 AHD Standard Kit;1215.93
DVS & FORS Compliant Systems;6239;DVS-PROMO3;DVS Promo 3 AHD Corner Kit;1144.76
DVS & FORS Compliant Systems;6543;DVS-770-4200W-82A;DVS LHD Kit (Rigid) Alternative;1220.36
DVS & FORS Compliant Systems;6544;DVS-770-3100-82A;DVS LHD Kit (Artic) Alternative;1119.63
DVS & FORS Compliant Systems;6545;DVS-770-4200W-TIA;DVS LHD Kit BBS-TI (Rigid) Alternative;1281.22
DVS & FORS Compliant Systems;6546;DVS-770-3100-TIA;DVS LHD Kit BBS-TI (Artic) Alternative;1180.48
DVS & FORS Compliant Systems;6547;DVS-770-4100W-BCA;DVS Standard Kit for Rigid Vehicles Alternative;1300.84
DVS & FORS Compliant Systems;6548;DVS-770-3100-BCA;DVS Standard  Kit for Articulated Vehicles Alternative;1214.10
DVS & FORS Compliant Systems;7686;GSR-010;PSS kKit for GSR Compliant Vehicle;130.80
DVS & FORS Compliant Systems;7687;PSS-010;Complete PSS Kit for Rigid & Artic Right Side;4566.38
SIDESCAN PREDICT Standard Kit (6 Sensors);6153;SSP-6000W;Sidescan® Predict Sensor System (12-24v);845.61
SIDESCAN PREDICT Optional Accessories;684-101;AMPS-BKT;Sidescan® Predict Adjustable Bracket for Display;27.48
SIDESCAN PREDICT Optional Accessories;6142;SSP-1000-CT-01;Sidescan® Predict Sensor Configurator;50.98
SIDESCAN Ultrasonic Detection System - Complete System;5257;SS-4100W;Sidescan® Sensor System with Mute Funtion (12-24v);279.83
SIDESCAN Ultrasonic Detection System - Complete System;5916;SS-4200W;Sidescan® Flex Sensor System (12-24v);293.83
SIDESCAN Ultrasonic Detection System - Complete System;5919;SS-4100W-060;Sidescan® Sensor System, Mute Funtion(60cm Audio);279.83
SIDESCAN Ultrasonic Detection System - Complete System;5851;SS-4100WT;Sidescan® Sensor System with Mute Funtion and Trigger Output (12-24v);280.05
SIDESCAN Ultrasonic Detection System - Complete System;5344;SS-4100W-000;Sidescan® Sensor System, Mute Function with Speed Switch & Turn Indicator Trigger (12-24v);468.75
SIDESCAN Ultrasonic Detection System - Complete System;5346;SS-4100W-002;Sidescan® System - External Warning System in French;704.89
SIDESCAN Ultrasonic Detection System - Complete System;6075;SS-4200W-000;Sidescan Flex Sensor System, Mute + S/Switch & T/Ind;512.73
Recommended Extras;4851;LS-60-A;CMS Option, Speed Trigger Module (12-24v);179.94
Recommended Extras;A1362A;TS-001ECU;Sidescan® Turn Indicator Trigger ECU (12-24v);39.87
Recommended Extras;6516;TS01;Turn Indicator Trigger ECU;64.14
Recommended Extras;5731;TS-001ECU(AMP);Sidescan® Turn Indicator Trigger ECU with AMP Connector (12-24v);94.70
Recommended Extras;1334A;SS-BC-08;Backchat® Left Side-Turn Warning Alarm - 90dB (12-24v);129.88
CORNERSCAN Ultrasonic Detection System - Complete System;5261;CS-3100;Cornerscan® Sensor System - Mute Funtion (12-24v);193.09
CORNERSCAN Ultrasonic Detection System - Complete System;5849;CS-3100T;Cornerscan® Sensor System - Mute Funtion  & Trigger Output(12-24v);193.56
Recommended Extra;4851;LS-60-A;CMS Option, Speed Trigger Module (12-24v);179.94
STEPSCAN Ultrasonic Detection System - Complete System;5262;ST-2100;Stepscan™ Sensor System with Mute Function (12-24v);161.31
STEPSCAN Ultrasonic Detection System - Complete System;5345;ST-2100-60-A;Stepscan™ Sensor System with Mute Function & Speed Switch (12-24v);335.80
BACKSCAN Ultrasonic Detection System;A3744;BS-4000W;Backscan® Reversing Sensor System (12-24v);280.23
BACKSCAN Ultrasonic Detection System;4844;BS-4000W-000;Backscan® Reversing Sensor System - Extra Sensor Sleeves (12-24v);294.78
Required Additions for Articulated Vehicles;3716;UDS-10BC;UDS Buzzer/Display Extension Cable - 10m;18.24
FRONTSCAN Ultrasonic Detection System - Complete System;3747;FS-4000W;Frontscan® Sensor System (12-24v);259.77
Recommended Extra;4851;LS-60-A;CMS Option, Speed Trigger Module (12-24v);179.94
Ultrasonic Detection System - On Screen Display;5099;UDS-OSD20;UDS On-Screen Display Module - 2 UDS Inputs, 2 Camera Inputs (PAL);200.89
Ultrasonic Detection System - On Screen Display;5347;UDS-OSD21;UDS On-Screen Display Module - 2 UDS Inputs, 2 Camera Inputs (NTSC);200.89
Ultrasonic Detection System - Extension Cables;3717;UDS-2.5BC;UDS Buzzer/Display Extension Cable - 2.5m;9.79
Ultrasonic Detection System - Extension Cables;8131;AC-401-UDS;Buzzer Splitter Cable providing alarm out from AI detection;105.60
Ultrasonic Detection System - Extension Cables;5745;UDS-30BC;UDS Buzzer/Display Extension Cable - 30m;50.99
Ultrasonic Detection System - Extension Cables;5723;UDS-1.2SC;UDS Sensor Extension Cable - 1.2m;8.58
Ultrasonic Detection System - Extension Cables;S5677;UDS-8.0SC;UDS Sensor Extension Cable - 8m;18.64
Ultrasonic Detection System - Extension Cables;S5844;UDS-9.0SC;UDS Sensor Extension Cable - 9m;20.25
Ultrasonic Detection System - Extension Cables;3719;UDS-2.5SC;UDS Sensor Extension Cable - 2.5m;9.35
Ultrasonic Detection System - Extension Cables;5743;UDS-2.5SC(CO);UDS Sensor Extension Cable - 2.5m with Conduit;16.38
Ultrasonic Detection System - Extension Cables;5724;UDS-3.4SC;UDS Sensor Extension Cable - 3.4m;10.92
Ultrasonic Detection System - Extension Cables;5725;UDS-4.1SC;UDS Sensor Extension Cable - 4.1m;11.67
Ultrasonic Detection System - Extension Cables;3720;UDS-4.5SC;UDS Sensor Extension Cable - 4.5m;10.59
Ultrasonic Detection System - Optional Extras;4215;UDS-RELAY-24;UDS Diode Protected Relay (24v);21.26
Ultrasonic Detection System - Optional Extras;4216;UDS-RELAY-12;UDS Diode Protected Relay (12v);21.26
Ultrasonic Detection System - Optional Extras;3749;UDS-001DP;UDS Audio-Visual Display;36.15
Ultrasonic Detection System - Optional Extras;S5920;UDS-001DP;UDS Audio-Visual Display;36.15
Ultrasonic Detection System - Optional Extras;3715;UDS-001BZ;UDS Adjustable Warning buzzer;29.93
Ultrasonic Detection System - Optional Extras;5726;UDS-001BZ(1.6);UDS Adjustable Warning buzzer + 1.6m Extended Cable;30.95
Ultrasonic Detection System - Optional Extras;3718;UDS-000HSS;UDS High Sensitivity Sensor;31.16
Ultrasonic Detection System - Optional Extras;5734;UDS-000HSS(CO);UDS High Sensitivity Sensor with Conduit added;32.15
Ultrasonic Detection System - Optional Extras;3721;UDS-00SS;UDS Sensor Sleeve - 0°;1.24
Ultrasonic Detection System - Optional Extras;3722;UDS-05SS;UDS Sensor Sleeve - 5°;1.24
Ultrasonic Detection System - Optional Extras;3723;UDS-11SS;UDS Sensor Sleeve - 11°;1.24
Ultrasonic Detection System - Optional Extras;3724;UDS-18SS;UDS Sensor Sleeve -18°;1.24
Ultrasonic Detection System - Optional Extras;4029;UDS-00SSK;UDS Sensor Housing Kit (4 x 0° & 4 x 11° Sleeves);9.91
Ultrasonic Detection System - Optional Extras;3725;UDS-26SS;UDS Sensor Sleeve - 26°;1.24
Ultrasonic Detection System - Optional Extras;4028;UDS-04-SMK;UDS Sensor Housing Kit (4 x Underslung Sensors, Mount Pads, Screws);9.91
Ultrasonic Detection System - Optional Extras;3726;UDS-00SM;UDS Sensor Mount;1.24
Ultrasonic Detection System - Optional Extras;3727;UDS-00SMP;UDS Sensor Mount Pad;1.24
Ultrasonic Detection System - Optional Extras;3733;UDS-005HK;UDS Sensor Mount & Pad Kit;2.50
Ultrasonic Detection System - Optional Extras;S5287;UDS-CBL001;UDS-OSD Power Cable;22.51
Ultrasonic Detection System - Optional Extras;S5288;UDS-CBL002;UDS-OSD Splitter Cable;12.85
Ultrasonic Detection System - Optional Extras;S5289;UDS-CBL003;UDS-OSD Trigger Cable;6.13
Ultrasonic Detection System - Optional Extras;5496;UDS-EMI-05;UDS Sensor EMI Housing;9.72
Ultrasonic Detection System - Optional Extras;5729;UDS-BKT-BZ;UDS Bracket Mounting for UDS Buzzer to VBV-770M when using a T-slot bracket for DAF;8.51
Ultrasonic Detection System - Optional Extras;5769;UDS-7.0SC-CAP;UDS-7.0m Sensor Cable with Protective Cap;12.85
RADAR PREDICT;7570;RADAR PREDICT-COVER;Radar Predict Cover;68.63
RADAR PREDICT;7500;RP-001;Radar Predict Kit Left Side with Cover;1596.57
RADAR PREDICT;7628;DVS-STICKER-A3;DVS A3 Sticker;10.00
RADAR PREDICT;7673;FR-001DVS;DVS Front Radar Kit With Cover;2075.00
RADAR PREDICT;8064;FR-001R159;R159 Front Radar Kit With Cover;2075.00
RADAR PREDICT;7625;RP-010;Radar Predict Kit Right Side with Cover;1596.57
RADAR PREDICT;7675;BSIS-MOIS-001;PSS Kit incl. RP-001 & FR-001DVS;2800.00
RADAR PREDICT;7685;BSIS-MOIS-010;PSS Kit including RP-010 & FR-001;2800.00
RADAR PREDICT;7678;GSR-001;PSS Kit for GSR Compliant Vehicle;405.22
RADAR PREDICT;7679;PSS-001;Complete PSS Kit for Rigid & Artic Left Side;3591.06
RADAR PREDICT;7639;RP-003C;Radar Predict 3m Extension Cable;45.94
RADAR PREDICT;S7633;RP-010-S;RP-010 Radar Sensor (Right Side);722.50
RADAR PREDICT;S7634;RP-010-WD;RP-010 Warning Display (Right Side);255.10
RADAR PREDICT;S7637;RP-001-S;RP-001 Radar Sensor (Left Side);722.50
RADAR PREDICT;S7638;RP001-WD;RP-001 Warning Display (Left Side);255.10
RADAR PREDICT;S7635;RP-008C;Radar Predict 8m Extension Cable;78.05
RADAR PREDICT;S7690;RP-005C;Radar Predict 5m Extension Cable;59.50
RADAR PREDICT;S7636;GPS & IMU-MODULE;GPS & IMU Module;601.25
RADAR PREDICT;8000;FR-30LDVS;DVS 30cm Offset Front Radar Kit with Cover;1396.56
RADAR PREDICT;S8001;FR-30LDVS-S;Radar Sensor FR-30LDVS;722.50
RADAR PREDICT;S7688;FR-001DVS-S;Radar Sensor MOIS/DVS2;722.50
RADAR PREDICT;S8065;FR-001R159-S;Radar Sensor R159;722.50
RADAR PREDICT;S7689;FR-001-WD;Warning Display FR-001MOIS Inc. Bracket;127.20
BACKSENSE Radar Object Detection;5658;BS-9001-OSD;Backsense® System - Programmable Plus On-Screen Display Module;1390.71
BACKSENSE Radar Object Detection;5713;BS-9000-WD;Backsense® System -Waterproof Display - Programmable;1450.66
BACKSENSE Radar Object Detection;4530;BS-8000;Backsense® System - Programmable;1390.71
BACKSENSE Radar Object Detection;7135;BS-8100;Backsense® System - Configurable Radar System Kit;1467.73
BACKSENSE Radar Object Detection;7248;BS-7100;Backsense® System - Selectab le Range 3m/4.5m/6m;1073.01
BACKSENSE Radar Object Detection;4529;BS-7060;Backsense® System - 6m Range x 4.5m Width;1073.01
BACKSENSE Radar Object Detection;4528;BS-7045;Backsense® System - 4.5m Range x 3.5m Width;953.12
BACKSENSE Radar Object Detection;4527;BS-7030;Backsense® System - 3m Range x 2.5m Width;833.23
BACKSENSE Radar Object Detection;5266;BS-9000;Backsense® Sensor - CAN-bus Network - Configurable & Programmable;995.08
BACKSENSE Radar Object Detection;6350;BS-9100T;Backsense® Sensor - CAN-bus Network 77GHz Radar- Terminated;1016.20
BACKSENSE Radar Object Detection;6351;BS-9100;Backsense® Sensor - CAN-bus Network 77GHz Radar;1016.20
BACKSENSE Radar Object Detection;6352;BS-9100-U;Backsense® Sensor - CAN-bus Network 77GHz Radar - Without Logo;1016.20
BACKSENSE Radar Object Detection;6353;BS-9100T-U;Backsense® Sensor - CAN-bus Network 77GHz Radar - Without Logo - Terminated;1016.20
BACKSENSE - On Screen Display;5654;BS-OSD-022;Backsense® OSD ECU (for 1 or 2 Sensors & Cameras);293.73
Separate Components & Parts for Backsense Systems;S5637;BS-WD-USB;Backsense® Waterproof Display USB with SW & Guides;23.98
Separate Components & Parts for Backsense Systems;5656;BS-9001-USB;Backsense® USB Stick for BS-9001-OSD;23.98
Separate Components & Parts for Backsense Systems;S7141;BS-8100-USB;Backsense® BS-8100 Display USB Drive with SW and IG;23.98
Separate Components & Parts for Backsense Systems;5272;BS-02DCX;Backsense® Extension Cable - 2m;50.72
Separate Components & Parts for Backsense Systems;4550;BS-05DCX;Backsense® Extension Cable - 5m;70.84
Separate Components & Parts for Backsense Systems;4551;BS-09DCX;Backsense® Extension Cable - 9m;82.18
Separate Components & Parts for Backsense Systems;4975;BS-25DCSX;Backsense® Extension Cable - 25m;135.33
Separate Components & Parts for Backsense Systems;5270;BS-00NYC;Backsense® CAN-bus Network Y-Cable;73.81
Separate Components & Parts for Backsense Systems;5271;BS-02PIC;Backsense® Power Cable - 2m;35.32
Separate Components & Parts for Backsense Systems;5291;BS-00NT;Backsense® CAN-bus Terminator;25.64
Separate Components & Parts for Backsense Systems;4676;BKT-017;Backsense® Adjustable Mounting Bracket;45.34
Separate Components & Parts for Backsense Systems;4702;BKT-017(SL);Backsense® Mounting Bracket 77mm Short Leg (x1);8.50
Separate Components & Parts for Backsense Systems;4758;BKT-018;Backsense® Mounting Bracket - Low-Profile;42.09
Separate Components & Parts for Backsense Systems;4539;BS-BKT-01;Backsense® Mounting Bracket;9.95
Separate Components & Parts for Backsense Systems;S4554;BS-USB-A-01;Backsense® Mini USB Cable for PC - 1m;10.34
Separate Components & Parts for Backsense Systems;4531;BS-7030-D;Backsense® AV Display - 3m Fixed Range;219.62
Separate Components & Parts for Backsense Systems;4532;BS-7045-D;Backsense® AV Display - 4.5m Fixed Range;219.62
Separate Components & Parts for Backsense Systems;4533;BS-7060-D;Backsense® AV Display - 6m Fixed Range;219.62
Separate Components & Parts for Backsense Systems;S7090;BS-7100-D;Backsense® Display - Selectable Range 3m/4.5m/6m;219.62
Separate Components & Parts for Backsense Systems;4534;BS-8000-D;Backsense® AV Display - Programmable;255.04
Separate Components & Parts for Backsense Systems;4542;BX-7XXXS;Backsense® Sensor - Non-Programmable;850.12
Separate Components & Parts for Backsense Systems;4541;BS-8000S;Backsense® Sensor - Programmable;1133.50
Separate Components & Parts for Backsense Systems;5593;BS-WD-01;Backsense® Waterproof  Display;331.99
Separate Components & Parts for Backsense Systems;S7136;BS-8100D;Backsense® Configurable BS8100 LED Display Kit;278.60
Separate Components & Parts for Backsense Systems;7190;BKT-023;Adjustable Bracket for BS-9100XXX Radar;101.39
ZONESAFE SYSTEMS;5881;ZS-1000-ECU;ZoneSafe® Control Unit / Driver Interface;1710.39
ZONESAFE SYSTEMS;5882;ZS-1000-AP;ZoneSafe® Vehicle to Pedestrian Antenna;876.04
Zonesafe Systems - Readers/Units;5883;ZS-1000-TT;ZoneSafe® Tag Tester;1545.05
Zonesafe Systems - Readers/Units;5886;ZS-1000-SG;ZoneSafe® Smart Gateway;1772.65
Zonesafe Systems - Tags;5888;ZS-1000-DVT;ZoneSafe® Driver Vibra Tag , rechargeable;205.31
Zonesafe Systems - Tags;5889;ZS-1000-PVT;ZoneSafe® Pedestrian Vibra Tag, rechargeable;205.31
Zonesafe Systems - Tags Other;5894;ZS-1000-AT;ZoneSafe® Asset Tag (EU);230.03
Zonesafe Systems - Tag Peripherals;5892;ZS-1000-TC;ZoneSafe®  Clip for Pedestrian Vibra Tag;4.77
Zonesafe Systems - Tag Peripherals;5893;ZS-1000-TWC;ZoneSafe® Tag Wireless Charger;20.14
Zonesafe Systems - Tag Peripherals;5896;ZS-BAT-AT;ZoneSafe® Replacement Battery for Asset Tag;32.84
Zonesafe Systems - Tag Peripherals;6079;ZS-1000-BKT;ZoneSafe® Adjustable Bracket;171.92
Zonesafe Systems - Accessories;5885;ZS-1000-MZ;ZoneSafe® Masking Zone Antenna;2431.04
Zonesafe Systems - Accessories;5898;ZS-AP-MP;ZoneSafe® Mounting Plate for Pedestrian Antenna;107.38
Zonesafe Systems - Accessories;5899;ZS-C130;ZoneSafe® Antenna Cable;232.85
Zonesafe Systems - Accessories;5900;ZS-ECU-MP;ZoneSafe® Mounting Plate for Control Unit / Driver Interface;98.04
Zonesafe Systems - Accessories;6163;ZS-1000-DEMO;ZoneSafe® Sales Demo Kit - EU Version;3296.95
Zonesafe Systems - Accessories;5887;ZS-1000-DR;ZoneSafe® Desktop Reader;524.50
QUIET VEHICLE SOUNDER Acoustic Vehicle Alarm System (AVAS);5385;QVS-001-75;QVS Quiet Vehicle Sounder + ECU (AVAS), 12-24v;316.39
QUIET VEHICLE SOUNDER Acoustic Vehicle Alarm System (AVAS);5389;QVS-SPK-01;QVS Speaker Assembly;68.14
QUIET VEHICLE SOUNDER Acoustic Vehicle Alarm System (AVAS);6568;QVS-SPK-02;QVS Compact Speaker Assembly;30.88
QUIET VEHICLE SOUNDER Acoustic Vehicle Alarm System (AVAS);5387;QVS-000-ECU;QVS ECU, BBS & Tonal, 2 Speaker Connections, 12-24v;263.11
bbs-tek® Turn Indicator Warning Alarms;6235;BBS-TI;bbs-tek® Turn Indicator Warning Alarm;171.74
WHITE SOUND 'Smart' Reversing Alarms;A1400;SA-BBS-107;White Sound ® SMART bbs-tek® Heavy Duty Reversing Alarm - 87-107dB Self-Adj (12-24v);165.36
WHITE SOUND 'Smart' Reversing Alarms;A1399;SA-BBS-97;White Sound ® SMART bbs-tek® Medium Duty Reversing Alarm - 77-97dB Self-Adj (12-24v);99.18
WHITE SOUND 'Smart' Reversing Alarms;1398;SA-BBS-97HV;White Sound ® SMART bbs-tek® Forklift Reversing Alarm - 77-97dB Self-Adj (36-80v);99.18
WHITE SOUND Reversing Alarms;A0899;BBS-107;White Sound ® bbs-tek® Reversing Alarm, Heavy Duty - 107dB (12-24v);153.50
WHITE SOUND Reversing Alarms;0899A;BBS-107;White Sound ® bbs-tek® Reversing Alarm, Heavy Duty - 107dB (12-24v);153.50
WHITE SOUND Reversing Alarms;B3229;BBS-107(SC);White Sound ® bbs-tek® Reversing Alarm, Heavy Duty - 107dB (12-24v) (SUMITOMO);183.92
WHITE SOUND Reversing Alarms;3229A;BBS-107(SC);White Sound ® bbs-tek® Reversing Alarm, Heavy Duty - 107dB (12-24v);183.92
WHITE SOUND Reversing Alarms;A0898;BBS-102;White Sound ® bbs-tek® Reversing Alarm, Heavy Duty - 102dB (12-24v);146.41
WHITE SOUND Reversing Alarms;0898A;BBS-102;White Sound ® bbs-tek® Reversing Alarm, Heavy Duty - 102dB (12-24v);146.41
WHITE SOUND Reversing Alarms;A1172;BBS-102(SC)/24V;White Sound ® bbs-tek® Reversing Alarm, Heavy Duty - 102dB (12-24v) (SUMITOMO);159.95
WHITE SOUND Reversing Alarms;A1403;BBS-97HV;White Sound ® bbs-tek® Reversing Alarm, Medium Duty - 97dB (36-80v);92.09
WHITE SOUND Reversing Alarms;3989;BBS-97GM;White Sound ® bbs-tek® Reversing Alarm, Medium Duty - 97dB - Gommet Mount (12-24v);53.14
WHITE SOUND Reversing Alarms;A1402;BBS-92HV;White Sound ® bbs-tek® Reversing Alarm, Medium Duty - 92dB (36-80v);85.03
WHITE SOUND Reversing Alarms;A1323;BBS-87HV;White Sound ® bbs-tek® Reversing Alarm, Medium Duty - 87dB (36-80v);75.57
WHITE SOUND Reversing Alarms;A1322;BBS-82HV;White Sound ® bbs-tek® Reversing Alarm, Medium Duty - 82dB (36-80v);73.20
WHITE SOUND Reversing Alarms;1322A;BBS-82HV;White Sound ® bbs-tek® Reversing Alarm, Medium Duty - 82dB (36-80v);73.20
WHITE SOUND Reversing Alarms;A2165;BBS-92ADR;White Sound ® bbs-tek® Reversing Alarm, Medium Duty - 92dB - ADR Cable (12-24v);82.65
WHITE SOUND Reversing Alarms;2165A;BBS-92ADR;White Sound ® bbs-tek® Reversing Alarm, Medium Duty - 92dB - ADR Cable (12-24v);82.65
WHITE SOUND Reversing Alarms;0935B;BBS-97;White Sound ® bbs-tek® Reversing Alarm, Medium Duty - 97dB (12-24v);64.94
WHITE SOUND Reversing Alarms;0934B;BBS-92;White Sound ® bbs-tek® Reversing Alarm, Medium Duty - 92dB (12-24v);50.76
WHITE SOUND Reversing Alarms;0897B;BBS-87;White Sound ® bbs-tek® Reversing Alarm, Medium Duty - 87dB (12-24v);36.61
WHITE SOUND Reversing Alarms;0896B;BBS-82;White Sound ® bbs-tek® Reversing Alarm, Medium Duty - 82dB (12-24v);35.41
NIGHTSHIFT Tonal Reversing Alarm;0747A;BA-32(NS);NightShift Tonal Alarm - 90dB (12-24v);40.14
Smart' Tonal Reversing Alarm;1315A;SA-800;SMART Tonal Heavy Duty Reversing Alarm - 87-112dB Self-Adj (12-24v);127.51
Smart' Tonal Reversing Alarm;5843;SA-800(DC);SMART Tonal Medium Duty Reversing Alarm - 82-102dB Self-Adj (12-24v) - Deutsch Connector;165.23
Smart' Tonal Reversing Alarm;1310A;SA-400;SMART Tonal Medium Duty Reversing Alarm - 82-102dB Self-Adj (12-24v);66.12
Tonal Reversing Alarm;A1246;BA-890;Tonal Reversing Alarm, Heavy Duty - 112dB (12-24v);110.98
Tonal Reversing Alarm;A2885;BA-570;Tonal Reversing Alarm, Medium Duty - 102dB (12-24v);40.14
Tonal Reversing Alarm;A2742;BA-560;Tonal Reversing Alarm, Medium Duty - 97dB (12-24v);28.33
Tonal Reversing Alarm;7382;BA-560-BP;Tonal Reversing Alarm, Medium Duty - 97dB (12-24v) Bulk Packaging Tray of 50 Units;1313.07
Tonal Reversing Alarm;A0015;BA-13;Tonal Reversing Alarm, Medium Duty - 90dB (12-24v);80.30
Tonal Reversing Alarm;A0027;BA-57;Tonal Reversing Alarm, Light Duty - 90dB (12-24v);37.79
Tonal Reversing Alarm;0027A;BA-57;Tonal Reversing Alarm, Light Duty - 90dB (12-24v);37.79
Tonal Reversing Alarm;5428;BA-57(DC);Tonal Reversing Alarm, Light Duty - 90dB (12-24v) with Deutsch Connector;112.24
Tonal Reversing Alarm;7499;VRA-390(700);Tonal Reversing Alarm, Budget - 90dB with 700mm tails (12-24v);21.85
BACKCHAT Speaking Alarms;0665A;BC-01HP;Backchat® Single Reversing Message - 110dB (12-24v);186.67
BACKCHAT Speaking Alarms;1199A;BC-01HP(B);Backchat® Single Bespoke Message - 110dB (12-24v);205.02
NIGHTSHIFT BACKCHAT Speaking Alarms;0378B;BC-01(NS);NightShift Alarm, Single Reversing Message - 90/0dB (12-24v);110.52
NIGHTSHIFT BACKCHAT Speaking Alarms;1198A;BC-01(NS-B);NightShift Alarm, Single Bespoke Message - 90/0dB (12-24v);150.05
BACKCHAT Speaking Alarms - Medium Noise Environments;0077B;BC-01;Backchat® Speaking Alarm - Single Reversing Message - 90dB (12-24v);105.56
BACKCHAT Speaking Alarms - Medium Noise Environments;0079A;BC-01(B);Backchat® Speaking Alarm - Single Bespoke Message - 90dB (12-24v);141.69
BACKCHAT Speaking Alarms - Medium Noise Environments;D1419;BC-01(ENG/WELSH);Backchat® Speaking Alarm - Single Bespoke Message - 90dB (12-24v);141.69
BACKCHAT Speaking Alarms - Medium Noise Environments;D1597;BC-01(ARMS RAISED);Backchat® Speaking Alarm - Single Bespoke Message - 90dB (12-24v);141.69
BACKCHAT Speaking Alarms - Medium Noise Environments;A0077;BC-01 BACKCHAT;Backchat® Speaking Alarm - Single Bespoke Message - 90dB (12-24v);141.69
BACKCHAT Speaking Alarms - Medium Noise Environments;0083A;BC-02(B);Backchat® Speaking Alarm - 2 x Bespoke Messages - 90dB (12-24v);197.37
BACKCHAT Speaking Alarms - Medium Noise Environments;0921A;BC-02HP STEER SYSTEM;Backchat® Speaking Alarm - 2 x Bespoke Messages - 90dB (12-24v);197.37
BACKCHAT Speaking Handbrake In-Cab Warning Alarms;0849A;BC-01(H/BRAKE);Backchat® Handbrake Alarm - Single Message - 90dB - 2 Wire (12-24v);109.52
BACKCHAT Speaking Handbrake In-Cab Warning Alarms;1715A;BC-01(4W)(H/BRAKE);Backchat® Handbrake Alarm - Single Message - 90dB - 4 Wire (12-24v);127.52
BACKCHAT Speaking Side Turn Warning Alarm;1334A;SS-BC-08;Backchat® Left Side-Turn Warning Alarm - 90dB (12-24v);129.88
BACKCHAT Speaking Side Turn Warning Alarm;5727;SS-BC-08(CO-AMP);Backchat® Left Turn Alarm with Conduit & Superseal - 90dB (12-24v);188.12
BACKCHAT Speaking Attack Alarms;1465A;BC-AA(B);Backchat® Attack, 110 dB, Single Bespoke Message;219.53
BACKCHAT Bespoke Message Generation and Programming;B1523;BC Program;Backchat®  Bespoke Message (Pre-recorded by customer);42.51
BACKCHAT Bespoke Message Generation and Programming;B1524;BC Generate+Program;Backchat® Bespoke Message Service (generate & program one message from script);70.84
BACKCHAT Vehicle Intercom;A0815;BC-VI;Backchat® Simplex  Two-Way Vehicle Intercom (12-24v);220.39
BACKCHAT Vehicle Intercom;A0875;BC-VI-2;Backchat® Duplex Two-Way Vehicle Intercom (12-24v);297.54
ALARM ANCILLARIES - Switches & Timers;A0663;TCO-47;Timed Auto-Reset Backalarm Cut-Out (12-24v);45.79
ALARM ANCILLARIES - Switches & Timers;6518;TC47;Timed Auto-Reset Backalarm Cut-Out (dash mount);75.47
ALARM ANCILLARIES - Switches & Timers;4752;TCO-47(01);Latched Side-turn Alarm Cut-Out (12-24v);45.52
ALARM ANCILLARIES - Switches & Timers;6517;TC01;Latched Side-turn Alarm Cut-Out (dash mount);75.47
ALARM ANCILLARIES - Switches & Timers;6504;LS-TS01;Turn Indicator Trigger - ECU;90.32
ALARM ANCILLARIES - Switches & Timers;6505;LS-TC01;Latched Side Turn Alarm;90.32
ALARM ANCILLARIES - Switches & Timers;6506;LS-TC47;Timed Auto Reset - Back Alarm;90.32
ALARM ANCILLARIES - Switches & Timers;5732;TCO-47(01)-ECU(AMP);Backalarm Latched Cut-Out Switch(12-24v);64.98
ALARM ANCILLARIES - Switches & Timers;A0334;NS-2;Backalarm Cut-Out Switch (12-24v);32.82
ALARM ANCILLARIES - Switches & Timers;A0974;NS-3;Backalarm Cut-Out Switch for Auto Gear Box (12-24v);32.82
ALARM ANCILLARIES - Switches & Timers;A0153A;SW-16;Alarm Pigtail Microswitch - Electro-Mechanical;42.51
EXTENDED WARRANTY - Backeye360 (ECU + 4 cameras & Cables);4821;BE360-EW1;BE360 Additional Extended Warranty - 1 Year;119.89
EXTENDED WARRANTY - Backeye360 (ECU + 4 cameras & Cables);4822;BE360-EW2;BE360 Additional Extended Warranty - 2 Years;239.78
EXTENDED WARRANTY - Backeye360 (ECU + 4 cameras & Cables);4823;BE360-EW3;BE360 Additional Extended Warranty - 3 Years;359.67
EXTENDED WARRANTY - Cameras & Monitors;W1146;BE-EW1;CMS Additional Extended Warranty - 1 Year;20.98
EXTENDED WARRANTY - Cameras & Monitors;W1147;BE-EW2;CMS Additional Extended Warranty - 2 Years;41.96
EXTENDED WARRANTY - Cameras & Monitors;W1152;BE-EW3;CMS Additional Extended Warranty - 3 Years;62.94
EXTENDED WARRANTY - Mobile Digital Video / Data Recorders;W2956;MDR-EW1;MDR Additional Extended Warranty - 1 Year;41.96
EXTENDED WARRANTY - Mobile Digital Video / Data Recorders;W3049;MDR-EW2;MDR Additional Extended Warranty - 2 Years;83.92
EXTENDED WARRANTY - Mobile Digital Video / Data Recorders;W3238;MDR-EW3;MDR Additional Extended Warranty - 3 Years;125.88
EXTENDED WARRANTY - Ultrasonic Detection Systems;W2963;BSC-EW1;UDS Additional Extended Warranty - 1 Year;18.58
EXTENDED WARRANTY - Ultrasonic Detection Systems;W3052;BSC-EW2;UDS Additional Extended Warranty - 2 Years;37.17
EXTENDED WARRANTY - Ultrasonic Detection Systems;W3053;BSC-EW3;UDS Additional Extended Warranty - 3 Years;55.75
EXTENDED WARRANTY - Backsense Systems;W3848;BSE-EW1;Backsense® Additional Extended Warranty - 1 Year;41.96
EXTENDED WARRANTY - Backsense Systems;W3849;BSE-EW2;Backsense® Additional Extended Warranty - 2 Years;83.92
EXTENDED WARRANTY - Backsense Systems;W3850;BSE-EW3;Backsense® Additional Extended Warranty - 3 Years;125.88